{
  "external_urls" : {
    "spotify" : "https://open.spotify.com/artist/51Blml2LZPmy7TTiAg47vQ"
  },
  "followers" : {
    "href" : null,
    "total" : 8850820
  },
  "genres" : [ "irish rock", "permanent wave", "rock" ],
  "href" : "https://api.spotify.com/v1/artists/51Blml2LZPmy7TTiAg47vQ",
  "id" : "51Blml2LZPmy7TTiAg47vQ",
  "images" : [ {
    "height" : 640,
    "url" : "https://i.scdn.co/image/ab6761610000e5eb4ecf08103fb2de53f1aabc39",
    "width" : 640
  }, {
    "height" : 320,
    "url" : "https://i.scdn.co/image/ab676161000051744ecf08103fb2de53f1aabc39",
    "width" : 320
  }, {
    "height" : 160,
    "url" : "https://i.scdn.co/image/ab6761610000f1784ecf08103fb2de53f1aabc39",
    "width" : 160
  } ],
  "name" : "U2",
  "popularity" : 80,
  "type" : "artist",
  "uri" : "spotify:artist:51Blml2LZPmy7TTiAg47vQ"
}