{
  "href" : "https://api.spotify.com/v1/artists/51Blml2LZPmy7TTiAg47vQ/albums?offset=0&limit=50&include_groups=album,single,compilation,appears_on",
  "items" : [ {
    "album_group" : "album",
    "album_type" : "album",
    "artists" : [ {
      "external_urls" : {
        "spotify" : "https://open.spotify.com/artist/51Blml2LZPmy7TTiAg47vQ"
      },
      "href" : "https://api.spotify.com/v1/artists/51Blml2LZPmy7TTiAg47vQ",
      "id" : "51Blml2LZPmy7TTiAg47vQ",
      "name" : "U2",
      "type" : "artist",
      "uri" : "spotify:artist:51Blml2LZPmy7TTiAg47vQ"
    } ],
    "available_markets" : [ "AD", "AE", "AG", "AL", "AM", "AO", "AR", "AT", "AU", "AZ", "BA", "BB", "BD", "BE", "BF", "BG", "BH", "BI", "BJ", "BN", "BO", "BR", "BS", "BT", "BW", "BY", "BZ", "CA", "CH", "CI", "CL", "CM", "CO", "CR", "CV", "CW", "CY", "CZ", "DE", "DJ", "DK", "DM", "DO", "DZ", "EC", "EE", "EG", "ES", "FI", "FJ", "FM", "FR", "GA", "GB", "GD", "GE", "GH", "GM", "GN", "GQ", "GR", "GT", "GW", "GY", "HK", "HN", "HR", "HT", "HU", "ID", "IE", "IL", "IN", "IS", "IT", "JM", "JO", "JP", "KE", "KG", "KH", "KI", "KM", "KN", "KR", "KW", "KZ", "LA", "LB", "LC", "LI", "LK", "LR", "LS", "LT", "LU", "LV", "MA", "MC", "MD", "ME", "MG", "MH", "MK", "ML", "MN", "MO", "MR", "MT", "MU", "MV", "MW", "MX", "MY", "MZ", "NA", "NE", "NG", "NI", "NL", "NO", "NP", "NR", "NZ", "OM", "PA", "PE", "PG", "PH", "PK", "PL", "PS", "PT", "PW", "PY", "QA", "RO", "RS", "RU", "RW", "SA", "SB", "SC", "SE", "SG", "SI", "SK", "SL", "SM", "SN", "SR", "ST", "SV", "SZ", "TD", "TG", "TH", "TL", "TN", "TO", "TR", "TT", "TV", "TW", "TZ", "UA", "UG", "US", "UY", "UZ", "VC", "VN", "VU", "WS", "XK", "ZA", "ZM", "ZW" ],
    "external_urls" : {
      "spotify" : "https://open.spotify.com/album/6GKpINyYmLRPjGnpzo8LIS"
    },
    "href" : "https://api.spotify.com/v1/albums/6GKpINyYmLRPjGnpzo8LIS",
    "id" : "6GKpINyYmLRPjGnpzo8LIS",
    "images" : [ {
      "height" : 640,
      "url" : "https://i.scdn.co/image/ab67616d0000b2739077f0ca0b9a9ea5bae3e03f",
      "width" : 640
    }, {
      "height" : 300,
      "url" : "https://i.scdn.co/image/ab67616d00001e029077f0ca0b9a9ea5bae3e03f",
      "width" : 300
    }, {
      "height" : 64,
      "url" : "https://i.scdn.co/image/ab67616d000048519077f0ca0b9a9ea5bae3e03f",
      "width" : 64
    } ],
    "name" : "All That You Can’t Leave Behind (20th Anniversary Edition / Super Deluxe / Remastered 2020)",
    "release_date" : "2020-10-30",
    "release_date_precision" : "day",
    "total_tracks" : 51,
    "type" : "album",
    "uri" : "spotify:album:6GKpINyYmLRPjGnpzo8LIS"
  }, {
    "album_group" : "album",
    "album_type" : "album",
    "artists" : [ {
      "external_urls" : {
        "spotify" : "https://open.spotify.com/artist/51Blml2LZPmy7TTiAg47vQ"
      },
      "href" : "https://api.spotify.com/v1/artists/51Blml2LZPmy7TTiAg47vQ",
      "id" : "51Blml2LZPmy7TTiAg47vQ",
      "name" : "U2",
      "type" : "artist",
      "uri" : "spotify:artist:51Blml2LZPmy7TTiAg47vQ"
    } ],
    "available_markets" : [ "JP" ],
    "external_urls" : {
      "spotify" : "https://open.spotify.com/album/3TbG4ZvwHmzkU9JGltkxnf"
    },
    "href" : "https://api.spotify.com/v1/albums/3TbG4ZvwHmzkU9JGltkxnf",
    "id" : "3TbG4ZvwHmzkU9JGltkxnf",
    "images" : [ {
      "height" : 640,
      "url" : "https://i.scdn.co/image/ab67616d0000b273301e9176d327ecc9e4bc633b",
      "width" : 640
    }, {
      "height" : 300,
      "url" : "https://i.scdn.co/image/ab67616d00001e02301e9176d327ecc9e4bc633b",
      "width" : 300
    }, {
      "height" : 64,
      "url" : "https://i.scdn.co/image/ab67616d00004851301e9176d327ecc9e4bc633b",
      "width" : 64
    } ],
    "name" : "Songs Of Experience (Deluxe Edition)",
    "release_date" : "2017-12-01",
    "release_date_precision" : "day",
    "total_tracks" : 18,
    "type" : "album",
    "uri" : "spotify:album:3TbG4ZvwHmzkU9JGltkxnf"
  }, {
    "album_group" : "album",
    "album_type" : "album",
    "artists" : [ {
      "external_urls" : {
        "spotify" : "https://open.spotify.com/artist/51Blml2LZPmy7TTiAg47vQ"
      },
      "href" : "https://api.spotify.com/v1/artists/51Blml2LZPmy7TTiAg47vQ",
      "id" : "51Blml2LZPmy7TTiAg47vQ",
      "name" : "U2",
      "type" : "artist",
      "uri" : "spotify:artist:51Blml2LZPmy7TTiAg47vQ"
    } ],
    "available_markets" : [ "AD", "AE", "AG", "AL", "AM", "AO", "AR", "AT", "AU", "AZ", "BA", "BB", "BD", "BE", "BF", "BG", "BH", "BI", "BJ", "BN", "BO", "BR", "BS", "BT", "BW", "BY", "BZ", "CA", "CH", "CI", "CL", "CM", "CO", "CR", "CV", "CW", "CY", "CZ", "DE", "DJ", "DK", "DM", "DO", "DZ", "EC", "EE", "EG", "ES", "FI", "FJ", "FM", "FR", "GA", "GB", "GD", "GE", "GH", "GM", "GN", "GQ", "GR", "GT", "GW", "GY", "HK", "HN", "HR", "HT", "HU", "ID", "IE", "IL", "IN", "IS", "IT", "JM", "JO", "KE", "KG", "KH", "KI", "KM", "KN", "KR", "KW", "KZ", "LA", "LB", "LC", "LI", "LK", "LR", "LS", "LT", "LU", "LV", "MA", "MC", "MD", "ME", "MG", "MH", "MK", "ML", "MN", "MO", "MR", "MT", "MU", "MV", "MW", "MX", "MY", "MZ", "NA", "NE", "NG", "NI", "NL", "NO", "NP", "NR", "NZ", "OM", "PA", "PE", "PG", "PH", "PK", "PL", "PS", "PT", "PW", "PY", "QA", "RO", "RS", "RU", "RW", "SA", "SB", "SC", "SE", "SG", "SI", "SK", "SL", "SM", "SN", "SR", "ST", "SV", "SZ", "TD", "TG", "TH", "TL", "TN", "TO", "TR", "TT", "TV", "TW", "TZ", "UA", "UG", "US", "UY", "UZ", "VC", "VN", "VU", "WS", "XK", "ZA", "ZM", "ZW" ],
    "external_urls" : {
      "spotify" : "https://open.spotify.com/album/6S9YaGXnmRe8tWJ0e457HP"
    },
    "href" : "https://api.spotify.com/v1/albums/6S9YaGXnmRe8tWJ0e457HP",
    "id" : "6S9YaGXnmRe8tWJ0e457HP",
    "images" : [ {
      "height" : 640,
      "url" : "https://i.scdn.co/image/ab67616d0000b2731721039eb3dfadd939938d70",
      "width" : 640
    }, {
      "height" : 300,
      "url" : "https://i.scdn.co/image/ab67616d00001e021721039eb3dfadd939938d70",
      "width" : 300
    }, {
      "height" : 64,
      "url" : "https://i.scdn.co/image/ab67616d000048511721039eb3dfadd939938d70",
      "width" : 64
    } ],
    "name" : "Songs Of Experience (Deluxe Edition)",
    "release_date" : "2017-12-01",
    "release_date_precision" : "day",
    "total_tracks" : 17,
    "type" : "album",
    "uri" : "spotify:album:6S9YaGXnmRe8tWJ0e457HP"
  }, {
    "album_group" : "album",
    "album_type" : "album",
    "artists" : [ {
      "external_urls" : {
        "spotify" : "https://open.spotify.com/artist/51Blml2LZPmy7TTiAg47vQ"
      },
      "href" : "https://api.spotify.com/v1/artists/51Blml2LZPmy7TTiAg47vQ",
      "id" : "51Blml2LZPmy7TTiAg47vQ",
      "name" : "U2",
      "type" : "artist",
      "uri" : "spotify:artist:51Blml2LZPmy7TTiAg47vQ"
    } ],
    "available_markets" : [ "AD", "AE", "AG", "AL", "AM", "AO", "AR", "AT", "AU", "AZ", "BA", "BB", "BD", "BE", "BF", "BG", "BH", "BI", "BJ", "BN", "BO", "BR", "BS", "BT", "BW", "BY", "BZ", "CH", "CI", "CL", "CM", "CO", "CR", "CV", "CY", "CZ", "DE", "DJ", "DK", "DM", "DO", "DZ", "EC", "EE", "EG", "ES", "FI", "FJ", "FM", "FR", "GA", "GB", "GD", "GE", "GH", "GM", "GN", "GQ", "GR", "GT", "GW", "GY", "HK", "HN", "HR", "HT", "HU", "ID", "IE", "IL", "IN", "IS", "IT", "JM", "JO", "KE", "KG", "KH", "KI", "KM", "KN", "KR", "KW", "KZ", "LA", "LB", "LC", "LI", "LK", "LR", "LS", "LT", "LU", "LV", "MA", "MC", "MD", "ME", "MG", "MH", "MK", "ML", "MN", "MO", "MR", "MT", "MU", "MV", "MW", "MX", "MY", "MZ", "NA", "NE", "NG", "NI", "NL", "NO", "NP", "NR", "NZ", "OM", "PA", "PE", "PG", "PH", "PK", "PL", "PS", "PT", "PW", "PY", "QA", "RO", "RS", "RU", "RW", "SA", "SB", "SC", "SG", "SI", "SK", "SL", "SM", "SN", "SR", "ST", "SV", "SZ", "TD", "TG", "TH", "TL", "TN", "TO", "TR", "TT", "TV", "TW", "TZ", "UA", "UG", "UY", "UZ", "VC", "VN", "VU", "WS", "XK", "ZA", "ZM", "ZW" ],
    "external_urls" : {
      "spotify" : "https://open.spotify.com/album/7DY6v8qiyQcsTCqUWjH7pS"
    },
    "href" : "https://api.spotify.com/v1/albums/7DY6v8qiyQcsTCqUWjH7pS",
    "id" : "7DY6v8qiyQcsTCqUWjH7pS",
    "images" : [ {
      "height" : 640,
      "url" : "https://i.scdn.co/image/ab67616d0000b273ce44013f908efc456d79ca84",
      "width" : 640
    }, {
      "height" : 300,
      "url" : "https://i.scdn.co/image/ab67616d00001e02ce44013f908efc456d79ca84",
      "width" : 300
    }, {
      "height" : 64,
      "url" : "https://i.scdn.co/image/ab67616d00004851ce44013f908efc456d79ca84",
      "width" : 64
    } ],
    "name" : "Songs Of Innocence",
    "release_date" : "2014-01-01",
    "release_date_precision" : "day",
    "total_tracks" : 11,
    "type" : "album",
    "uri" : "spotify:album:7DY6v8qiyQcsTCqUWjH7pS"
  }, {
    "album_group" : "album",
    "album_type" : "album",
    "artists" : [ {
      "external_urls" : {
        "spotify" : "https://open.spotify.com/artist/51Blml2LZPmy7TTiAg47vQ"
      },
      "href" : "https://api.spotify.com/v1/artists/51Blml2LZPmy7TTiAg47vQ",
      "id" : "51Blml2LZPmy7TTiAg47vQ",
      "name" : "U2",
      "type" : "artist",
      "uri" : "spotify:artist:51Blml2LZPmy7TTiAg47vQ"
    } ],
    "available_markets" : [ "CA", "JP", "MX", "US" ],
    "external_urls" : {
      "spotify" : "https://open.spotify.com/album/45Ec0wYJ7npo6lXH4GWmxz"
    },
    "href" : "https://api.spotify.com/v1/albums/45Ec0wYJ7npo6lXH4GWmxz",
    "id" : "45Ec0wYJ7npo6lXH4GWmxz",
    "images" : [ {
      "height" : 640,
      "url" : "https://i.scdn.co/image/ab67616d0000b2731f3ecda94c647aeaa6c51907",
      "width" : 640
    }, {
      "height" : 300,
      "url" : "https://i.scdn.co/image/ab67616d00001e021f3ecda94c647aeaa6c51907",
      "width" : 300
    }, {
      "height" : 64,
      "url" : "https://i.scdn.co/image/ab67616d000048511f3ecda94c647aeaa6c51907",
      "width" : 64
    } ],
    "name" : "Songs Of Innocence",
    "release_date" : "2014-01-01",
    "release_date_precision" : "day",
    "total_tracks" : 11,
    "type" : "album",
    "uri" : "spotify:album:45Ec0wYJ7npo6lXH4GWmxz"
  }, {
    "album_group" : "album",
    "album_type" : "album",
    "artists" : [ {
      "external_urls" : {
        "spotify" : "https://open.spotify.com/artist/51Blml2LZPmy7TTiAg47vQ"
      },
      "href" : "https://api.spotify.com/v1/artists/51Blml2LZPmy7TTiAg47vQ",
      "id" : "51Blml2LZPmy7TTiAg47vQ",
      "name" : "U2",
      "type" : "artist",
      "uri" : "spotify:artist:51Blml2LZPmy7TTiAg47vQ"
    } ],
    "available_markets" : [ "CA", "JP", "MX", "US" ],
    "external_urls" : {
      "spotify" : "https://open.spotify.com/album/5tWSTNTqzqZhKo7FCyLwPk"
    },
    "href" : "https://api.spotify.com/v1/albums/5tWSTNTqzqZhKo7FCyLwPk",
    "id" : "5tWSTNTqzqZhKo7FCyLwPk",
    "images" : [ {
      "height" : 640,
      "url" : "https://i.scdn.co/image/ab67616d0000b27335b4e22451dec9c7a08f0ab9",
      "width" : 640
    }, {
      "height" : 300,
      "url" : "https://i.scdn.co/image/ab67616d00001e0235b4e22451dec9c7a08f0ab9",
      "width" : 300
    }, {
      "height" : 64,
      "url" : "https://i.scdn.co/image/ab67616d0000485135b4e22451dec9c7a08f0ab9",
      "width" : 64
    } ],
    "name" : "Songs Of Innocence (Deluxe)",
    "release_date" : "2014-01-01",
    "release_date_precision" : "day",
    "total_tracks" : 21,
    "type" : "album",
    "uri" : "spotify:album:5tWSTNTqzqZhKo7FCyLwPk"
  }, {
    "album_group" : "album",
    "album_type" : "album",
    "artists" : [ {
      "external_urls" : {
        "spotify" : "https://open.spotify.com/artist/51Blml2LZPmy7TTiAg47vQ"
      },
      "href" : "https://api.spotify.com/v1/artists/51Blml2LZPmy7TTiAg47vQ",
      "id" : "51Blml2LZPmy7TTiAg47vQ",
      "name" : "U2",
      "type" : "artist",
      "uri" : "spotify:artist:51Blml2LZPmy7TTiAg47vQ"
    } ],
    "available_markets" : [ "AU" ],
    "external_urls" : {
      "spotify" : "https://open.spotify.com/album/7iOtAFn7s1kzvLYz7nsBBV"
    },
    "href" : "https://api.spotify.com/v1/albums/7iOtAFn7s1kzvLYz7nsBBV",
    "id" : "7iOtAFn7s1kzvLYz7nsBBV",
    "images" : [ {
      "height" : 640,
      "url" : "https://i.scdn.co/image/ab67616d0000b27318963334d2ee8b880cadb9ed",
      "width" : 640
    }, {
      "height" : 300,
      "url" : "https://i.scdn.co/image/ab67616d00001e0218963334d2ee8b880cadb9ed",
      "width" : 300
    }, {
      "height" : 64,
      "url" : "https://i.scdn.co/image/ab67616d0000485118963334d2ee8b880cadb9ed",
      "width" : 64
    } ],
    "name" : "Songs Of Innocence (Deluxe)",
    "release_date" : "2014-01-01",
    "release_date_precision" : "day",
    "total_tracks" : 21,
    "type" : "album",
    "uri" : "spotify:album:7iOtAFn7s1kzvLYz7nsBBV"
  }, {
    "album_group" : "album",
    "album_type" : "album",
    "artists" : [ {
      "external_urls" : {
        "spotify" : "https://open.spotify.com/artist/51Blml2LZPmy7TTiAg47vQ"
      },
      "href" : "https://api.spotify.com/v1/artists/51Blml2LZPmy7TTiAg47vQ",
      "id" : "51Blml2LZPmy7TTiAg47vQ",
      "name" : "U2",
      "type" : "artist",
      "uri" : "spotify:artist:51Blml2LZPmy7TTiAg47vQ"
    } ],
    "available_markets" : [ "AD", "AE", "AG", "AL", "AM", "AO", "AR", "AT", "AU", "AZ", "BA", "BB", "BD", "BE", "BF", "BG", "BH", "BI", "BJ", "BN", "BO", "BR", "BS", "BT", "BW", "BY", "BZ", "CH", "CI", "CL", "CM", "CO", "CR", "CV", "CY", "CZ", "DE", "DJ", "DK", "DM", "DO", "DZ", "EC", "EE", "EG", "ES", "FI", "FJ", "FM", "FR", "GA", "GB", "GD", "GE", "GH", "GM", "GN", "GQ", "GR", "GT", "GW", "GY", "HK", "HN", "HR", "HT", "HU", "ID", "IE", "IL", "IN", "IS", "IT", "JM", "JO", "KE", "KG", "KH", "KI", "KM", "KN", "KR", "KW", "KZ", "LA", "LB", "LC", "LI", "LK", "LR", "LS", "LT", "LU", "LV", "MA", "MC", "MD", "ME", "MG", "MH", "MK", "ML", "MN", "MO", "MR", "MT", "MU", "MV", "MW", "MY", "MZ", "NA", "NE", "NG", "NI", "NL", "NO", "NP", "NR", "NZ", "OM", "PA", "PE", "PG", "PH", "PK", "PL", "PS", "PT", "PW", "PY", "QA", "RO", "RS", "RU", "RW", "SA", "SB", "SC", "SE", "SG", "SI", "SK", "SL", "SM", "SN", "SR", "ST", "SV", "SZ", "TD", "TG", "TH", "TL", "TN", "TO", "TR", "TT", "TV", "TW", "TZ", "UA", "UG", "UY", "UZ", "VC", "VN", "VU", "WS", "XK", "ZA", "ZM", "ZW" ],
    "external_urls" : {
      "spotify" : "https://open.spotify.com/album/6wQXpkptAIZPzNf5H0SA10"
    },
    "href" : "https://api.spotify.com/v1/albums/6wQXpkptAIZPzNf5H0SA10",
    "id" : "6wQXpkptAIZPzNf5H0SA10",
    "images" : [ {
      "height" : 640,
      "url" : "https://i.scdn.co/image/ab67616d0000b2736bfd7f9f13f8f2af2bdf007d",
      "width" : 640
    }, {
      "height" : 300,
      "url" : "https://i.scdn.co/image/ab67616d00001e026bfd7f9f13f8f2af2bdf007d",
      "width" : 300
    }, {
      "height" : 64,
      "url" : "https://i.scdn.co/image/ab67616d000048516bfd7f9f13f8f2af2bdf007d",
      "width" : 64
    } ],
    "name" : "Songs Of Innocence (Deluxe)",
    "release_date" : "2014-01-01",
    "release_date_precision" : "day",
    "total_tracks" : 21,
    "type" : "album",
    "uri" : "spotify:album:6wQXpkptAIZPzNf5H0SA10"
  }, {
    "album_group" : "album",
    "album_type" : "album",
    "artists" : [ {
      "external_urls" : {
        "spotify" : "https://open.spotify.com/artist/51Blml2LZPmy7TTiAg47vQ"
      },
      "href" : "https://api.spotify.com/v1/artists/51Blml2LZPmy7TTiAg47vQ",
      "id" : "51Blml2LZPmy7TTiAg47vQ",
      "name" : "U2",
      "type" : "artist",
      "uri" : "spotify:artist:51Blml2LZPmy7TTiAg47vQ"
    } ],
    "available_markets" : [ "CA", "MX", "US" ],
    "external_urls" : {
      "spotify" : "https://open.spotify.com/album/2cVfcuckyfRP6KVAHsRPHC"
    },
    "href" : "https://api.spotify.com/v1/albums/2cVfcuckyfRP6KVAHsRPHC",
    "id" : "2cVfcuckyfRP6KVAHsRPHC",
    "images" : [ {
      "height" : 640,
      "url" : "https://i.scdn.co/image/ab67616d0000b273eba4d22b43b3dff989124c4e",
      "width" : 640
    }, {
      "height" : 300,
      "url" : "https://i.scdn.co/image/ab67616d00001e02eba4d22b43b3dff989124c4e",
      "width" : 300
    }, {
      "height" : 64,
      "url" : "https://i.scdn.co/image/ab67616d00004851eba4d22b43b3dff989124c4e",
      "width" : 64
    } ],
    "name" : "No Line On The Horizon",
    "release_date" : "2009-01-01",
    "release_date_precision" : "day",
    "total_tracks" : 11,
    "type" : "album",
    "uri" : "spotify:album:2cVfcuckyfRP6KVAHsRPHC"
  }, {
    "album_group" : "album",
    "album_type" : "album",
    "artists" : [ {
      "external_urls" : {
        "spotify" : "https://open.spotify.com/artist/51Blml2LZPmy7TTiAg47vQ"
      },
      "href" : "https://api.spotify.com/v1/artists/51Blml2LZPmy7TTiAg47vQ",
      "id" : "51Blml2LZPmy7TTiAg47vQ",
      "name" : "U2",
      "type" : "artist",
      "uri" : "spotify:artist:51Blml2LZPmy7TTiAg47vQ"
    } ],
    "available_markets" : [ "AD", "AE", "AG", "AL", "AM", "AO", "AR", "AT", "AU", "AZ", "BA", "BB", "BD", "BE", "BF", "BG", "BH", "BI", "BJ", "BN", "BO", "BR", "BS", "BT", "BW", "BY", "BZ", "CH", "CI", "CL", "CM", "CO", "CR", "CV", "CW", "CY", "CZ", "DE", "DJ", "DK", "DM", "DO", "DZ", "EC", "EE", "EG", "ES", "FI", "FJ", "FM", "FR", "GA", "GB", "GD", "GE", "GH", "GM", "GN", "GQ", "GR", "GT", "GW", "GY", "HK", "HN", "HR", "HT", "HU", "ID", "IE", "IL", "IN", "IS", "IT", "JM", "JO", "JP", "KE", "KG", "KH", "KI", "KM", "KN", "KR", "KW", "KZ", "LA", "LB", "LC", "LI", "LK", "LR", "LS", "LT", "LU", "LV", "MA", "MC", "MD", "ME", "MG", "MH", "MK", "ML", "MN", "MO", "MR", "MT", "MU", "MV", "MW", "MX", "MY", "MZ", "NA", "NE", "NG", "NI", "NL", "NO", "NP", "NR", "NZ", "OM", "PA", "PE", "PG", "PH", "PK", "PL", "PS", "PT", "PW", "PY", "QA", "RO", "RS", "RU", "RW", "SA", "SB", "SC", "SE", "SG", "SI", "SK", "SL", "SM", "SN", "SR", "ST", "SV", "SZ", "TD", "TG", "TH", "TL", "TN", "TO", "TR", "TT", "TV", "TW", "TZ", "UA", "UG", "UY", "UZ", "VC", "VN", "VU", "WS", "XK", "ZA", "ZM", "ZW" ],
    "external_urls" : {
      "spotify" : "https://open.spotify.com/album/5yqMA7IvahYJc53ewRAMnP"
    },
    "href" : "https://api.spotify.com/v1/albums/5yqMA7IvahYJc53ewRAMnP",
    "id" : "5yqMA7IvahYJc53ewRAMnP",
    "images" : [ {
      "height" : 640,
      "url" : "https://i.scdn.co/image/ab67616d0000b27327c7f13365fc06dddaa5d91d",
      "width" : 640
    }, {
      "height" : 300,
      "url" : "https://i.scdn.co/image/ab67616d00001e0227c7f13365fc06dddaa5d91d",
      "width" : 300
    }, {
      "height" : 64,
      "url" : "https://i.scdn.co/image/ab67616d0000485127c7f13365fc06dddaa5d91d",
      "width" : 64
    } ],
    "name" : "No Line On The Horizon",
    "release_date" : "2009-01-01",
    "release_date_precision" : "day",
    "total_tracks" : 11,
    "type" : "album",
    "uri" : "spotify:album:5yqMA7IvahYJc53ewRAMnP"
  }, {
    "album_group" : "album",
    "album_type" : "album",
    "artists" : [ {
      "external_urls" : {
        "spotify" : "https://open.spotify.com/artist/51Blml2LZPmy7TTiAg47vQ"
      },
      "href" : "https://api.spotify.com/v1/artists/51Blml2LZPmy7TTiAg47vQ",
      "id" : "51Blml2LZPmy7TTiAg47vQ",
      "name" : "U2",
      "type" : "artist",
      "uri" : "spotify:artist:51Blml2LZPmy7TTiAg47vQ"
    } ],
    "available_markets" : [ "CA", "US" ],
    "external_urls" : {
      "spotify" : "https://open.spotify.com/album/2XHksgb0SsUL4NBaqTXHDX"
    },
    "href" : "https://api.spotify.com/v1/albums/2XHksgb0SsUL4NBaqTXHDX",
    "id" : "2XHksgb0SsUL4NBaqTXHDX",
    "images" : [ {
      "height" : 640,
      "url" : "https://i.scdn.co/image/ab67616d0000b27364fd51470c4c2581e56277fa",
      "width" : 640
    }, {
      "height" : 300,
      "url" : "https://i.scdn.co/image/ab67616d00001e0264fd51470c4c2581e56277fa",
      "width" : 300
    }, {
      "height" : 64,
      "url" : "https://i.scdn.co/image/ab67616d0000485164fd51470c4c2581e56277fa",
      "width" : 64
    } ],
    "name" : "Boy",
    "release_date" : "2008-01-01",
    "release_date_precision" : "day",
    "total_tracks" : 12,
    "type" : "album",
    "uri" : "spotify:album:2XHksgb0SsUL4NBaqTXHDX"
  }, {
    "album_group" : "album",
    "album_type" : "album",
    "artists" : [ {
      "external_urls" : {
        "spotify" : "https://open.spotify.com/artist/51Blml2LZPmy7TTiAg47vQ"
      },
      "href" : "https://api.spotify.com/v1/artists/51Blml2LZPmy7TTiAg47vQ",
      "id" : "51Blml2LZPmy7TTiAg47vQ",
      "name" : "U2",
      "type" : "artist",
      "uri" : "spotify:artist:51Blml2LZPmy7TTiAg47vQ"
    } ],
    "available_markets" : [ "US" ],
    "external_urls" : {
      "spotify" : "https://open.spotify.com/album/1mgye9GJ5e2qCufD6wCNKC"
    },
    "href" : "https://api.spotify.com/v1/albums/1mgye9GJ5e2qCufD6wCNKC",
    "id" : "1mgye9GJ5e2qCufD6wCNKC",
    "images" : [ {
      "height" : 640,
      "url" : "https://i.scdn.co/image/ab67616d0000b2731f1e88d690015903d0e2aa34",
      "width" : 640
    }, {
      "height" : 300,
      "url" : "https://i.scdn.co/image/ab67616d00001e021f1e88d690015903d0e2aa34",
      "width" : 300
    }, {
      "height" : 64,
      "url" : "https://i.scdn.co/image/ab67616d000048511f1e88d690015903d0e2aa34",
      "width" : 64
    } ],
    "name" : "Under A Blood Red Sky",
    "release_date" : "2008-01-01",
    "release_date_precision" : "day",
    "total_tracks" : 8,
    "type" : "album",
    "uri" : "spotify:album:1mgye9GJ5e2qCufD6wCNKC"
  }, {
    "album_group" : "album",
    "album_type" : "album",
    "artists" : [ {
      "external_urls" : {
        "spotify" : "https://open.spotify.com/artist/51Blml2LZPmy7TTiAg47vQ"
      },
      "href" : "https://api.spotify.com/v1/artists/51Blml2LZPmy7TTiAg47vQ",
      "id" : "51Blml2LZPmy7TTiAg47vQ",
      "name" : "U2",
      "type" : "artist",
      "uri" : "spotify:artist:51Blml2LZPmy7TTiAg47vQ"
    } ],
    "available_markets" : [ "CA", "MX", "US" ],
    "external_urls" : {
      "spotify" : "https://open.spotify.com/album/4tCMKyB4g77qeuQEmqkAQi"
    },
    "href" : "https://api.spotify.com/v1/albums/4tCMKyB4g77qeuQEmqkAQi",
    "id" : "4tCMKyB4g77qeuQEmqkAQi",
    "images" : [ {
      "height" : 640,
      "url" : "https://i.scdn.co/image/ab67616d0000b273ba323a5636c60a606a263a5e",
      "width" : 640
    }, {
      "height" : 300,
      "url" : "https://i.scdn.co/image/ab67616d00001e02ba323a5636c60a606a263a5e",
      "width" : 300
    }, {
      "height" : 64,
      "url" : "https://i.scdn.co/image/ab67616d00004851ba323a5636c60a606a263a5e",
      "width" : 64
    } ],
    "name" : "War",
    "release_date" : "2008-01-01",
    "release_date_precision" : "day",
    "total_tracks" : 10,
    "type" : "album",
    "uri" : "spotify:album:4tCMKyB4g77qeuQEmqkAQi"
  }, {
    "album_group" : "album",
    "album_type" : "album",
    "artists" : [ {
      "external_urls" : {
        "spotify" : "https://open.spotify.com/artist/51Blml2LZPmy7TTiAg47vQ"
      },
      "href" : "https://api.spotify.com/v1/artists/51Blml2LZPmy7TTiAg47vQ",
      "id" : "51Blml2LZPmy7TTiAg47vQ",
      "name" : "U2",
      "type" : "artist",
      "uri" : "spotify:artist:51Blml2LZPmy7TTiAg47vQ"
    } ],
    "available_markets" : [ "CA", "US" ],
    "external_urls" : {
      "spotify" : "https://open.spotify.com/album/73XkxLkaK4D7WMSILmpRDt"
    },
    "href" : "https://api.spotify.com/v1/albums/73XkxLkaK4D7WMSILmpRDt",
    "id" : "73XkxLkaK4D7WMSILmpRDt",
    "images" : [ {
      "height" : 640,
      "url" : "https://i.scdn.co/image/ab67616d0000b27331b8d6c9cd6cdf7857d496d3",
      "width" : 640
    }, {
      "height" : 300,
      "url" : "https://i.scdn.co/image/ab67616d00001e0231b8d6c9cd6cdf7857d496d3",
      "width" : 300
    }, {
      "height" : 64,
      "url" : "https://i.scdn.co/image/ab67616d0000485131b8d6c9cd6cdf7857d496d3",
      "width" : 64
    } ],
    "name" : "October",
    "release_date" : "2008-01-01",
    "release_date_precision" : "day",
    "total_tracks" : 11,
    "type" : "album",
    "uri" : "spotify:album:73XkxLkaK4D7WMSILmpRDt"
  }, {
    "album_group" : "album",
    "album_type" : "album",
    "artists" : [ {
      "external_urls" : {
        "spotify" : "https://open.spotify.com/artist/51Blml2LZPmy7TTiAg47vQ"
      },
      "href" : "https://api.spotify.com/v1/artists/51Blml2LZPmy7TTiAg47vQ",
      "id" : "51Blml2LZPmy7TTiAg47vQ",
      "name" : "U2",
      "type" : "artist",
      "uri" : "spotify:artist:51Blml2LZPmy7TTiAg47vQ"
    } ],
    "available_markets" : [ "CA", "MX", "US" ],
    "external_urls" : {
      "spotify" : "https://open.spotify.com/album/4ef70W9NTfsmHWtefD93HF"
    },
    "href" : "https://api.spotify.com/v1/albums/4ef70W9NTfsmHWtefD93HF",
    "id" : "4ef70W9NTfsmHWtefD93HF",
    "images" : [ {
      "height" : 640,
      "url" : "https://i.scdn.co/image/ab67616d0000b2735e61a96b49101bfe2379b6fd",
      "width" : 640
    }, {
      "height" : 300,
      "url" : "https://i.scdn.co/image/ab67616d00001e025e61a96b49101bfe2379b6fd",
      "width" : 300
    }, {
      "height" : 64,
      "url" : "https://i.scdn.co/image/ab67616d000048515e61a96b49101bfe2379b6fd",
      "width" : 64
    } ],
    "name" : "Boy (Deluxe Version)",
    "release_date" : "2008-01-01",
    "release_date_precision" : "day",
    "total_tracks" : 25,
    "type" : "album",
    "uri" : "spotify:album:4ef70W9NTfsmHWtefD93HF"
  }, {
    "album_group" : "album",
    "album_type" : "album",
    "artists" : [ {
      "external_urls" : {
        "spotify" : "https://open.spotify.com/artist/51Blml2LZPmy7TTiAg47vQ"
      },
      "href" : "https://api.spotify.com/v1/artists/51Blml2LZPmy7TTiAg47vQ",
      "id" : "51Blml2LZPmy7TTiAg47vQ",
      "name" : "U2",
      "type" : "artist",
      "uri" : "spotify:artist:51Blml2LZPmy7TTiAg47vQ"
    } ],
    "available_markets" : [ "CA", "MX", "US" ],
    "external_urls" : {
      "spotify" : "https://open.spotify.com/album/2nPJlUlcyQ24e1VdayD6TT"
    },
    "href" : "https://api.spotify.com/v1/albums/2nPJlUlcyQ24e1VdayD6TT",
    "id" : "2nPJlUlcyQ24e1VdayD6TT",
    "images" : [ {
      "height" : 640,
      "url" : "https://i.scdn.co/image/ab67616d0000b273c98f9648419857a409db7b03",
      "width" : 640
    }, {
      "height" : 300,
      "url" : "https://i.scdn.co/image/ab67616d00001e02c98f9648419857a409db7b03",
      "width" : 300
    }, {
      "height" : 64,
      "url" : "https://i.scdn.co/image/ab67616d00004851c98f9648419857a409db7b03",
      "width" : 64
    } ],
    "name" : "How To Dismantle An Atomic Bomb",
    "release_date" : "2004-11-22",
    "release_date_precision" : "day",
    "total_tracks" : 11,
    "type" : "album",
    "uri" : "spotify:album:2nPJlUlcyQ24e1VdayD6TT"
  }, {
    "album_group" : "album",
    "album_type" : "album",
    "artists" : [ {
      "external_urls" : {
        "spotify" : "https://open.spotify.com/artist/51Blml2LZPmy7TTiAg47vQ"
      },
      "href" : "https://api.spotify.com/v1/artists/51Blml2LZPmy7TTiAg47vQ",
      "id" : "51Blml2LZPmy7TTiAg47vQ",
      "name" : "U2",
      "type" : "artist",
      "uri" : "spotify:artist:51Blml2LZPmy7TTiAg47vQ"
    } ],
    "available_markets" : [ "AD", "AE", "AG", "AL", "AM", "AO", "AR", "AT", "AU", "AZ", "BA", "BB", "BD", "BE", "BF", "BG", "BH", "BI", "BJ", "BN", "BO", "BR", "BS", "BT", "BW", "BY", "BZ", "CA", "CH", "CI", "CL", "CM", "CO", "CR", "CV", "CW", "CY", "CZ", "DE", "DJ", "DK", "DM", "DO", "DZ", "EC", "EE", "EG", "ES", "FI", "FJ", "FM", "FR", "GA", "GB", "GD", "GE", "GH", "GM", "GN", "GQ", "GR", "GT", "GW", "GY", "HK", "HN", "HR", "HT", "HU", "ID", "IE", "IL", "IN", "IS", "IT", "JM", "JO", "JP", "KE", "KG", "KH", "KI", "KM", "KN", "KR", "KW", "KZ", "LA", "LB", "LC", "LI", "LK", "LR", "LS", "LT", "LU", "LV", "MA", "MC", "MD", "ME", "MG", "MH", "MK", "ML", "MN", "MO", "MR", "MT", "MU", "MV", "MW", "MX", "MY", "MZ", "NA", "NE", "NG", "NI", "NL", "NO", "NP", "NR", "NZ", "OM", "PA", "PE", "PG", "PH", "PK", "PL", "PS", "PT", "PW", "PY", "QA", "RO", "RS", "RU", "RW", "SA", "SB", "SC", "SE", "SG", "SI", "SK", "SL", "SM", "SN", "SR", "ST", "SV", "SZ", "TD", "TG", "TH", "TL", "TN", "TO", "TR", "TT", "TV", "TW", "TZ", "UA", "UG", "US", "UY", "UZ", "VC", "VN", "VU", "WS", "XK", "ZA", "ZM", "ZW" ],
    "external_urls" : {
      "spotify" : "https://open.spotify.com/album/5PQPur1PEZFDkI0AXbxFlB"
    },
    "href" : "https://api.spotify.com/v1/albums/5PQPur1PEZFDkI0AXbxFlB",
    "id" : "5PQPur1PEZFDkI0AXbxFlB",
    "images" : [ {
      "height" : 640,
      "url" : "https://i.scdn.co/image/ab67616d0000b273c1c82c472d758f4945ac15a8",
      "width" : 640
    }, {
      "height" : 300,
      "url" : "https://i.scdn.co/image/ab67616d00001e02c1c82c472d758f4945ac15a8",
      "width" : 300
    }, {
      "height" : 64,
      "url" : "https://i.scdn.co/image/ab67616d00004851c1c82c472d758f4945ac15a8",
      "width" : 64
    } ],
    "name" : "How To Dismantle An Atomic Bomb",
    "release_date" : "2004-01-01",
    "release_date_precision" : "day",
    "total_tracks" : 12,
    "type" : "album",
    "uri" : "spotify:album:5PQPur1PEZFDkI0AXbxFlB"
  }, {
    "album_group" : "album",
    "album_type" : "album",
    "artists" : [ {
      "external_urls" : {
        "spotify" : "https://open.spotify.com/artist/51Blml2LZPmy7TTiAg47vQ"
      },
      "href" : "https://api.spotify.com/v1/artists/51Blml2LZPmy7TTiAg47vQ",
      "id" : "51Blml2LZPmy7TTiAg47vQ",
      "name" : "U2",
      "type" : "artist",
      "uri" : "spotify:artist:51Blml2LZPmy7TTiAg47vQ"
    } ],
    "available_markets" : [ "AD", "AE", "AG", "AL", "AM", "AO", "AR", "AT", "AU", "AZ", "BA", "BB", "BD", "BE", "BF", "BG", "BH", "BI", "BJ", "BN", "BO", "BR", "BS", "BT", "BW", "BY", "BZ", "CH", "CI", "CL", "CM", "CO", "CR", "CV", "CW", "CY", "CZ", "DE", "DJ", "DK", "DM", "DO", "DZ", "EC", "EE", "EG", "ES", "FI", "FJ", "FM", "FR", "GA", "GB", "GD", "GE", "GH", "GM", "GN", "GQ", "GR", "GT", "GW", "GY", "HK", "HN", "HR", "HT", "HU", "ID", "IE", "IL", "IN", "IS", "IT", "JM", "JO", "JP", "KE", "KG", "KH", "KI", "KM", "KN", "KR", "KW", "KZ", "LA", "LB", "LC", "LI", "LK", "LR", "LS", "LT", "LU", "LV", "MA", "MC", "MD", "ME", "MG", "MH", "MK", "ML", "MN", "MO", "MR", "MT", "MU", "MV", "MW", "MX", "MY", "MZ", "NA", "NE", "NG", "NI", "NL", "NO", "NP", "NR", "NZ", "OM", "PA", "PE", "PG", "PH", "PK", "PL", "PS", "PT", "PW", "PY", "QA", "RO", "RS", "RU", "RW", "SA", "SB", "SC", "SE", "SG", "SI", "SK", "SL", "SM", "SN", "SR", "ST", "SV", "SZ", "TD", "TG", "TH", "TL", "TN", "TO", "TR", "TT", "TV", "TW", "TZ", "UA", "UG", "UY", "UZ", "VC", "VN", "VU", "WS", "XK", "ZA", "ZM", "ZW" ],
    "external_urls" : {
      "spotify" : "https://open.spotify.com/album/7a5U0GPoAvT3gvEY66FRuN"
    },
    "href" : "https://api.spotify.com/v1/albums/7a5U0GPoAvT3gvEY66FRuN",
    "id" : "7a5U0GPoAvT3gvEY66FRuN",
    "images" : [ {
      "height" : 640,
      "url" : "https://i.scdn.co/image/ab67616d0000b27338fa0dfe55b1ff2e8c962bae",
      "width" : 640
    }, {
      "height" : 300,
      "url" : "https://i.scdn.co/image/ab67616d00001e0238fa0dfe55b1ff2e8c962bae",
      "width" : 300
    }, {
      "height" : 64,
      "url" : "https://i.scdn.co/image/ab67616d0000485138fa0dfe55b1ff2e8c962bae",
      "width" : 64
    } ],
    "name" : "All That You Can't Leave Behind",
    "release_date" : "2000-01-01",
    "release_date_precision" : "day",
    "total_tracks" : 12,
    "type" : "album",
    "uri" : "spotify:album:7a5U0GPoAvT3gvEY66FRuN"
  }, {
    "album_group" : "album",
    "album_type" : "album",
    "artists" : [ {
      "external_urls" : {
        "spotify" : "https://open.spotify.com/artist/51Blml2LZPmy7TTiAg47vQ"
      },
      "href" : "https://api.spotify.com/v1/artists/51Blml2LZPmy7TTiAg47vQ",
      "id" : "51Blml2LZPmy7TTiAg47vQ",
      "name" : "U2",
      "type" : "artist",
      "uri" : "spotify:artist:51Blml2LZPmy7TTiAg47vQ"
    } ],
    "available_markets" : [ "CA", "MX", "US" ],
    "external_urls" : {
      "spotify" : "https://open.spotify.com/album/7gskILm9UyDvFlmmAoqn2g"
    },
    "href" : "https://api.spotify.com/v1/albums/7gskILm9UyDvFlmmAoqn2g",
    "id" : "7gskILm9UyDvFlmmAoqn2g",
    "images" : [ {
      "height" : 640,
      "url" : "https://i.scdn.co/image/ab67616d0000b273e3f4221446f724b575a9aafb",
      "width" : 640
    }, {
      "height" : 300,
      "url" : "https://i.scdn.co/image/ab67616d00001e02e3f4221446f724b575a9aafb",
      "width" : 300
    }, {
      "height" : 64,
      "url" : "https://i.scdn.co/image/ab67616d00004851e3f4221446f724b575a9aafb",
      "width" : 64
    } ],
    "name" : "All That You Can't Leave Behind",
    "release_date" : "2000-01-01",
    "release_date_precision" : "day",
    "total_tracks" : 11,
    "type" : "album",
    "uri" : "spotify:album:7gskILm9UyDvFlmmAoqn2g"
  }, {
    "album_group" : "album",
    "album_type" : "album",
    "artists" : [ {
      "external_urls" : {
        "spotify" : "https://open.spotify.com/artist/51Blml2LZPmy7TTiAg47vQ"
      },
      "href" : "https://api.spotify.com/v1/artists/51Blml2LZPmy7TTiAg47vQ",
      "id" : "51Blml2LZPmy7TTiAg47vQ",
      "name" : "U2",
      "type" : "artist",
      "uri" : "spotify:artist:51Blml2LZPmy7TTiAg47vQ"
    } ],
    "available_markets" : [ "AD", "AE", "AG", "AL", "AM", "AO", "AR", "AT", "AU", "AZ", "BA", "BB", "BD", "BE", "BF", "BG", "BH", "BI", "BJ", "BN", "BO", "BR", "BS", "BT", "BW", "BY", "BZ", "CA", "CH", "CI", "CL", "CM", "CO", "CR", "CV", "CW", "CY", "CZ", "DE", "DJ", "DK", "DM", "DO", "DZ", "EC", "EE", "EG", "ES", "FI", "FJ", "FM", "FR", "GA", "GB", "GD", "GE", "GH", "GM", "GN", "GQ", "GR", "GT", "GW", "GY", "HK", "HN", "HR", "HT", "HU", "ID", "IE", "IL", "IN", "IS", "IT", "JM", "JO", "JP", "KE", "KG", "KH", "KI", "KM", "KN", "KR", "KW", "KZ", "LA", "LB", "LC", "LI", "LK", "LR", "LS", "LT", "LU", "LV", "MA", "MC", "MD", "ME", "MG", "MH", "MK", "ML", "MN", "MO", "MR", "MT", "MU", "MV", "MW", "MX", "MY", "MZ", "NA", "NE", "NG", "NI", "NL", "NO", "NP", "NR", "NZ", "OM", "PA", "PE", "PG", "PH", "PK", "PL", "PS", "PT", "PW", "PY", "QA", "RO", "RS", "RU", "RW", "SA", "SB", "SC", "SE", "SG", "SI", "SK", "SL", "SM", "SN", "SR", "ST", "SV", "SZ", "TD", "TG", "TH", "TL", "TN", "TO", "TR", "TT", "TV", "TW", "TZ", "UA", "UG", "US", "UY", "UZ", "VC", "VN", "VU", "WS", "XK", "ZA", "ZM", "ZW" ],
    "external_urls" : {
      "spotify" : "https://open.spotify.com/album/5mojJwWgWNJcY3odUGgQc3"
    },
    "href" : "https://api.spotify.com/v1/albums/5mojJwWgWNJcY3odUGgQc3",
    "id" : "5mojJwWgWNJcY3odUGgQc3",
    "images" : [ {
      "height" : 640,
      "url" : "https://i.scdn.co/image/ab67616d0000b2739b9cc2ad0ee4076cb900b4ee",
      "width" : 640
    }, {
      "height" : 300,
      "url" : "https://i.scdn.co/image/ab67616d00001e029b9cc2ad0ee4076cb900b4ee",
      "width" : 300
    }, {
      "height" : 64,
      "url" : "https://i.scdn.co/image/ab67616d000048519b9cc2ad0ee4076cb900b4ee",
      "width" : 64
    } ],
    "name" : "Pop",
    "release_date" : "1997-03-03",
    "release_date_precision" : "day",
    "total_tracks" : 12,
    "type" : "album",
    "uri" : "spotify:album:5mojJwWgWNJcY3odUGgQc3"
  }, {
    "album_group" : "album",
    "album_type" : "album",
    "artists" : [ {
      "external_urls" : {
        "spotify" : "https://open.spotify.com/artist/51Blml2LZPmy7TTiAg47vQ"
      },
      "href" : "https://api.spotify.com/v1/artists/51Blml2LZPmy7TTiAg47vQ",
      "id" : "51Blml2LZPmy7TTiAg47vQ",
      "name" : "U2",
      "type" : "artist",
      "uri" : "spotify:artist:51Blml2LZPmy7TTiAg47vQ"
    } ],
    "available_markets" : [ "AD", "AE", "AG", "AL", "AM", "AO", "AR", "AT", "AU", "AZ", "BA", "BB", "BD", "BE", "BF", "BG", "BH", "BI", "BJ", "BN", "BO", "BR", "BS", "BT", "BW", "BY", "BZ", "CA", "CH", "CI", "CL", "CM", "CO", "CR", "CV", "CW", "CY", "CZ", "DE", "DJ", "DK", "DM", "DO", "DZ", "EC", "EE", "EG", "ES", "FI", "FJ", "FM", "FR", "GA", "GB", "GD", "GE", "GH", "GM", "GN", "GQ", "GR", "GT", "GW", "GY", "HK", "HN", "HR", "HT", "HU", "ID", "IE", "IL", "IN", "IS", "IT", "JM", "JO", "JP", "KE", "KG", "KH", "KI", "KM", "KN", "KR", "KW", "KZ", "LA", "LB", "LC", "LI", "LK", "LR", "LS", "LT", "LU", "LV", "MA", "MC", "MD", "ME", "MG", "MH", "MK", "ML", "MN", "MO", "MR", "MT", "MU", "MV", "MW", "MX", "MY", "MZ", "NA", "NE", "NG", "NI", "NL", "NO", "NP", "NR", "NZ", "OM", "PA", "PE", "PG", "PH", "PK", "PL", "PS", "PT", "PW", "PY", "QA", "RO", "RS", "RU", "RW", "SA", "SB", "SC", "SE", "SG", "SI", "SK", "SL", "SM", "SN", "SR", "ST", "SV", "SZ", "TD", "TG", "TH", "TL", "TN", "TO", "TR", "TT", "TV", "TW", "TZ", "UA", "UG", "US", "UY", "UZ", "VC", "VN", "VU", "WS", "XK", "ZA", "ZM", "ZW" ],
    "external_urls" : {
      "spotify" : "https://open.spotify.com/album/0IYjMBLA9PgtXyRPlLmTDE"
    },
    "href" : "https://api.spotify.com/v1/albums/0IYjMBLA9PgtXyRPlLmTDE",
    "id" : "0IYjMBLA9PgtXyRPlLmTDE",
    "images" : [ {
      "height" : 640,
      "url" : "https://i.scdn.co/image/ab67616d0000b2730e58384ac2789bb3ff8d6346",
      "width" : 640
    }, {
      "height" : 300,
      "url" : "https://i.scdn.co/image/ab67616d00001e020e58384ac2789bb3ff8d6346",
      "width" : 300
    }, {
      "height" : 64,
      "url" : "https://i.scdn.co/image/ab67616d000048510e58384ac2789bb3ff8d6346",
      "width" : 64
    } ],
    "name" : "Zooropa",
    "release_date" : "1993-07-05",
    "release_date_precision" : "day",
    "total_tracks" : 10,
    "type" : "album",
    "uri" : "spotify:album:0IYjMBLA9PgtXyRPlLmTDE"
  }, {
    "album_group" : "album",
    "album_type" : "album",
    "artists" : [ {
      "external_urls" : {
        "spotify" : "https://open.spotify.com/artist/51Blml2LZPmy7TTiAg47vQ"
      },
      "href" : "https://api.spotify.com/v1/artists/51Blml2LZPmy7TTiAg47vQ",
      "id" : "51Blml2LZPmy7TTiAg47vQ",
      "name" : "U2",
      "type" : "artist",
      "uri" : "spotify:artist:51Blml2LZPmy7TTiAg47vQ"
    } ],
    "available_markets" : [ "AD", "AE", "AG", "AL", "AM", "AO", "AR", "AT", "AU", "AZ", "BA", "BB", "BD", "BE", "BF", "BG", "BH", "BI", "BJ", "BN", "BO", "BR", "BS", "BT", "BW", "BY", "BZ", "CA", "CH", "CI", "CL", "CM", "CO", "CR", "CV", "CW", "CY", "CZ", "DE", "DJ", "DK", "DM", "DO", "DZ", "EC", "EE", "EG", "ES", "FI", "FJ", "FM", "FR", "GA", "GB", "GD", "GE", "GH", "GM", "GN", "GQ", "GR", "GT", "GW", "GY", "HK", "HN", "HR", "HT", "HU", "ID", "IE", "IL", "IN", "IS", "IT", "JM", "JO", "JP", "KE", "KG", "KH", "KI", "KM", "KN", "KR", "KW", "KZ", "LA", "LB", "LC", "LI", "LK", "LR", "LS", "LT", "LU", "LV", "MA", "MC", "MD", "ME", "MG", "MH", "MK", "ML", "MN", "MO", "MR", "MT", "MU", "MV", "MW", "MX", "MY", "MZ", "NA", "NE", "NG", "NI", "NL", "NO", "NP", "NR", "NZ", "OM", "PA", "PE", "PG", "PH", "PK", "PL", "PS", "PT", "PW", "PY", "QA", "RO", "RS", "RU", "RW", "SA", "SB", "SC", "SE", "SG", "SI", "SK", "SL", "SM", "SN", "SR", "ST", "SV", "SZ", "TD", "TG", "TH", "TL", "TN", "TO", "TR", "TT", "TV", "TW", "TZ", "UA", "UG", "US", "UY", "UZ", "VC", "VN", "VU", "WS", "XK", "ZA", "ZM", "ZW" ],
    "external_urls" : {
      "spotify" : "https://open.spotify.com/album/0ta5VdkJcpdVnNrn7g4cZe"
    },
    "href" : "https://api.spotify.com/v1/albums/0ta5VdkJcpdVnNrn7g4cZe",
    "id" : "0ta5VdkJcpdVnNrn7g4cZe",
    "images" : [ {
      "height" : 640,
      "url" : "https://i.scdn.co/image/ab67616d0000b27337cd18af5725b9cad0a5ab53",
      "width" : 640
    }, {
      "height" : 300,
      "url" : "https://i.scdn.co/image/ab67616d00001e0237cd18af5725b9cad0a5ab53",
      "width" : 300
    }, {
      "height" : 64,
      "url" : "https://i.scdn.co/image/ab67616d0000485137cd18af5725b9cad0a5ab53",
      "width" : 64
    } ],
    "name" : "Achtung Baby (Deluxe Edition)",
    "release_date" : "1991-11-18",
    "release_date_precision" : "day",
    "total_tracks" : 26,
    "type" : "album",
    "uri" : "spotify:album:0ta5VdkJcpdVnNrn7g4cZe"
  }, {
    "album_group" : "album",
    "album_type" : "album",
    "artists" : [ {
      "external_urls" : {
        "spotify" : "https://open.spotify.com/artist/51Blml2LZPmy7TTiAg47vQ"
      },
      "href" : "https://api.spotify.com/v1/artists/51Blml2LZPmy7TTiAg47vQ",
      "id" : "51Blml2LZPmy7TTiAg47vQ",
      "name" : "U2",
      "type" : "artist",
      "uri" : "spotify:artist:51Blml2LZPmy7TTiAg47vQ"
    } ],
    "available_markets" : [ "AD", "AE", "AG", "AL", "AM", "AO", "AR", "AT", "AU", "AZ", "BA", "BB", "BD", "BE", "BF", "BG", "BH", "BI", "BJ", "BN", "BO", "BR", "BS", "BT", "BW", "BY", "BZ", "CA", "CH", "CI", "CL", "CM", "CO", "CR", "CV", "CW", "CY", "CZ", "DE", "DJ", "DK", "DM", "DO", "DZ", "EC", "EE", "EG", "ES", "FI", "FJ", "FM", "FR", "GA", "GB", "GD", "GE", "GH", "GM", "GN", "GQ", "GR", "GT", "GW", "GY", "HK", "HN", "HR", "HT", "HU", "ID", "IE", "IL", "IN", "IS", "IT", "JM", "JO", "JP", "KE", "KG", "KH", "KI", "KM", "KN", "KR", "KW", "KZ", "LA", "LB", "LC", "LI", "LK", "LR", "LS", "LT", "LU", "LV", "MA", "MC", "MD", "ME", "MG", "MH", "MK", "ML", "MN", "MO", "MR", "MT", "MU", "MV", "MW", "MX", "MY", "MZ", "NA", "NE", "NG", "NI", "NL", "NO", "NP", "NR", "NZ", "OM", "PA", "PE", "PG", "PH", "PK", "PL", "PS", "PT", "PW", "PY", "QA", "RO", "RS", "RU", "RW", "SA", "SB", "SC", "SE", "SG", "SI", "SK", "SL", "SM", "SN", "SR", "ST", "SV", "SZ", "TD", "TG", "TH", "TL", "TN", "TO", "TR", "TT", "TV", "TW", "TZ", "UA", "UG", "US", "UY", "UZ", "VC", "VN", "VU", "WS", "XK", "ZA", "ZM", "ZW" ],
    "external_urls" : {
      "spotify" : "https://open.spotify.com/album/5n52kyQKeUZs5ObZJejLQd"
    },
    "href" : "https://api.spotify.com/v1/albums/5n52kyQKeUZs5ObZJejLQd",
    "id" : "5n52kyQKeUZs5ObZJejLQd",
    "images" : [ {
      "height" : 640,
      "url" : "https://i.scdn.co/image/ab67616d0000b273831c51426c89ade9bf275a77",
      "width" : 640
    }, {
      "height" : 300,
      "url" : "https://i.scdn.co/image/ab67616d00001e02831c51426c89ade9bf275a77",
      "width" : 300
    }, {
      "height" : 64,
      "url" : "https://i.scdn.co/image/ab67616d00004851831c51426c89ade9bf275a77",
      "width" : 64
    } ],
    "name" : "Achtung Baby",
    "release_date" : "1991-11-18",
    "release_date_precision" : "day",
    "total_tracks" : 12,
    "type" : "album",
    "uri" : "spotify:album:5n52kyQKeUZs5ObZJejLQd"
  }, {
    "album_group" : "album",
    "album_type" : "album",
    "artists" : [ {
      "external_urls" : {
        "spotify" : "https://open.spotify.com/artist/51Blml2LZPmy7TTiAg47vQ"
      },
      "href" : "https://api.spotify.com/v1/artists/51Blml2LZPmy7TTiAg47vQ",
      "id" : "51Blml2LZPmy7TTiAg47vQ",
      "name" : "U2",
      "type" : "artist",
      "uri" : "spotify:artist:51Blml2LZPmy7TTiAg47vQ"
    } ],
    "available_markets" : [ "AD", "AE", "AG", "AL", "AM", "AO", "AR", "AT", "AU", "AZ", "BA", "BB", "BD", "BE", "BF", "BG", "BH", "BI", "BJ", "BN", "BO", "BR", "BS", "BT", "BW", "BY", "BZ", "CA", "CH", "CI", "CL", "CM", "CO", "CR", "CV", "CW", "CY", "CZ", "DE", "DJ", "DK", "DM", "DO", "DZ", "EC", "EE", "EG", "ES", "FI", "FJ", "FM", "FR", "GA", "GB", "GD", "GE", "GH", "GM", "GN", "GQ", "GR", "GT", "GW", "GY", "HK", "HN", "HR", "HT", "HU", "ID", "IE", "IL", "IN", "IS", "IT", "JM", "JO", "JP", "KE", "KG", "KH", "KI", "KM", "KN", "KR", "KW", "KZ", "LA", "LB", "LC", "LI", "LK", "LR", "LS", "LT", "LU", "LV", "MA", "MC", "MD", "ME", "MG", "MH", "MK", "ML", "MN", "MO", "MR", "MT", "MU", "MV", "MW", "MX", "MY", "MZ", "NA", "NE", "NG", "NI", "NL", "NO", "NP", "NR", "NZ", "OM", "PA", "PE", "PG", "PH", "PK", "PL", "PS", "PT", "PW", "PY", "QA", "RO", "RS", "RU", "RW", "SA", "SB", "SC", "SE", "SG", "SI", "SK", "SL", "SM", "SN", "SR", "ST", "SV", "SZ", "TD", "TG", "TH", "TL", "TN", "TO", "TR", "TT", "TV", "TW", "TZ", "UA", "UG", "US", "UY", "UZ", "VC", "VN", "VU", "WS", "XK", "ZA", "ZM", "ZW" ],
    "external_urls" : {
      "spotify" : "https://open.spotify.com/album/7hIoJcH4ObWasDFq78u1x9"
    },
    "href" : "https://api.spotify.com/v1/albums/7hIoJcH4ObWasDFq78u1x9",
    "id" : "7hIoJcH4ObWasDFq78u1x9",
    "images" : [ {
      "height" : 640,
      "url" : "https://i.scdn.co/image/ab67616d0000b2733f4be7b80314bc44154f2e1a",
      "width" : 640
    }, {
      "height" : 300,
      "url" : "https://i.scdn.co/image/ab67616d00001e023f4be7b80314bc44154f2e1a",
      "width" : 300
    }, {
      "height" : 64,
      "url" : "https://i.scdn.co/image/ab67616d000048513f4be7b80314bc44154f2e1a",
      "width" : 64
    } ],
    "name" : "Rattle And Hum",
    "release_date" : "1988-10-10",
    "release_date_precision" : "day",
    "total_tracks" : 17,
    "type" : "album",
    "uri" : "spotify:album:7hIoJcH4ObWasDFq78u1x9"
  }, {
    "album_group" : "album",
    "album_type" : "album",
    "artists" : [ {
      "external_urls" : {
        "spotify" : "https://open.spotify.com/artist/51Blml2LZPmy7TTiAg47vQ"
      },
      "href" : "https://api.spotify.com/v1/artists/51Blml2LZPmy7TTiAg47vQ",
      "id" : "51Blml2LZPmy7TTiAg47vQ",
      "name" : "U2",
      "type" : "artist",
      "uri" : "spotify:artist:51Blml2LZPmy7TTiAg47vQ"
    } ],
    "available_markets" : [ "AD", "AE", "AG", "AL", "AM", "AO", "AR", "AT", "AU", "AZ", "BA", "BB", "BD", "BE", "BF", "BG", "BH", "BI", "BJ", "BN", "BO", "BR", "BS", "BT", "BW", "BY", "BZ", "CH", "CI", "CL", "CM", "CO", "CR", "CV", "CW", "CY", "CZ", "DE", "DJ", "DK", "DM", "DO", "DZ", "EC", "EE", "EG", "ES", "FI", "FJ", "FM", "FR", "GA", "GB", "GD", "GE", "GH", "GM", "GN", "GQ", "GR", "GT", "GW", "GY", "HK", "HN", "HR", "HT", "HU", "ID", "IE", "IL", "IN", "IS", "IT", "JM", "JO", "JP", "KE", "KG", "KH", "KI", "KM", "KN", "KR", "KW", "KZ", "LA", "LB", "LC", "LI", "LK", "LR", "LS", "LT", "LU", "LV", "MA", "MC", "MD", "ME", "MG", "MH", "MK", "ML", "MN", "MO", "MR", "MT", "MU", "MV", "MW", "MY", "MZ", "NA", "NE", "NG", "NI", "NL", "NO", "NP", "NR", "NZ", "OM", "PA", "PE", "PG", "PH", "PK", "PL", "PS", "PT", "PW", "PY", "QA", "RO", "RS", "RU", "RW", "SA", "SB", "SC", "SE", "SG", "SI", "SK", "SL", "SM", "SN", "SR", "ST", "SV", "SZ", "TD", "TG", "TH", "TL", "TN", "TO", "TR", "TT", "TV", "TW", "TZ", "UA", "UG", "UY", "UZ", "VC", "VN", "VU", "WS", "XK", "ZA", "ZM", "ZW" ],
    "external_urls" : {
      "spotify" : "https://open.spotify.com/album/4mULDK6YXrFXTfSwvwm4M3"
    },
    "href" : "https://api.spotify.com/v1/albums/4mULDK6YXrFXTfSwvwm4M3",
    "id" : "4mULDK6YXrFXTfSwvwm4M3",
    "images" : [ {
      "height" : 640,
      "url" : "https://i.scdn.co/image/ab67616d0000b273e2e8f804c2cdd5b3815adbf9",
      "width" : 640
    }, {
      "height" : 300,
      "url" : "https://i.scdn.co/image/ab67616d00001e02e2e8f804c2cdd5b3815adbf9",
      "width" : 300
    }, {
      "height" : 64,
      "url" : "https://i.scdn.co/image/ab67616d00004851e2e8f804c2cdd5b3815adbf9",
      "width" : 64
    } ],
    "name" : "The Joshua Tree",
    "release_date" : "1987-03-10",
    "release_date_precision" : "day",
    "total_tracks" : 25,
    "type" : "album",
    "uri" : "spotify:album:4mULDK6YXrFXTfSwvwm4M3"
  }, {
    "album_group" : "album",
    "album_type" : "album",
    "artists" : [ {
      "external_urls" : {
        "spotify" : "https://open.spotify.com/artist/51Blml2LZPmy7TTiAg47vQ"
      },
      "href" : "https://api.spotify.com/v1/artists/51Blml2LZPmy7TTiAg47vQ",
      "id" : "51Blml2LZPmy7TTiAg47vQ",
      "name" : "U2",
      "type" : "artist",
      "uri" : "spotify:artist:51Blml2LZPmy7TTiAg47vQ"
    } ],
    "available_markets" : [ "AD", "AE", "AG", "AL", "AM", "AO", "AR", "AT", "AU", "AZ", "BA", "BB", "BD", "BE", "BF", "BG", "BH", "BI", "BJ", "BN", "BO", "BR", "BS", "BT", "BW", "BY", "BZ", "CA", "CH", "CI", "CL", "CM", "CO", "CR", "CV", "CW", "CY", "CZ", "DE", "DJ", "DK", "DM", "DO", "DZ", "EC", "EE", "EG", "ES", "FI", "FJ", "FM", "FR", "GA", "GB", "GD", "GE", "GH", "GM", "GN", "GQ", "GR", "GT", "GW", "GY", "HK", "HN", "HR", "HT", "HU", "ID", "IE", "IL", "IN", "IS", "IT", "JM", "JO", "JP", "KE", "KG", "KH", "KI", "KM", "KN", "KR", "KW", "KZ", "LA", "LB", "LC", "LI", "LK", "LR", "LS", "LT", "LU", "LV", "MA", "MC", "MD", "ME", "MG", "MH", "MK", "ML", "MN", "MO", "MR", "MT", "MU", "MV", "MW", "MX", "MY", "MZ", "NA", "NE", "NG", "NI", "NL", "NO", "NP", "NR", "NZ", "OM", "PA", "PE", "PG", "PH", "PK", "PL", "PS", "PT", "PW", "PY", "QA", "RO", "RS", "RU", "RW", "SA", "SB", "SC", "SE", "SG", "SI", "SK", "SL", "SM", "SN", "SR", "ST", "SV", "SZ", "TD", "TG", "TH", "TL", "TN", "TO", "TR", "TT", "TV", "TW", "TZ", "UA", "UG", "US", "UY", "UZ", "VC", "VN", "VU", "WS", "XK", "ZA", "ZM", "ZW" ],
    "external_urls" : {
      "spotify" : "https://open.spotify.com/album/5vBZRYu2GLA65nfxBvG1a7"
    },
    "href" : "https://api.spotify.com/v1/albums/5vBZRYu2GLA65nfxBvG1a7",
    "id" : "5vBZRYu2GLA65nfxBvG1a7",
    "images" : [ {
      "height" : 640,
      "url" : "https://i.scdn.co/image/ab67616d0000b273f8996a3f97e80d9d700635c3",
      "width" : 640
    }, {
      "height" : 300,
      "url" : "https://i.scdn.co/image/ab67616d00001e02f8996a3f97e80d9d700635c3",
      "width" : 300
    }, {
      "height" : 64,
      "url" : "https://i.scdn.co/image/ab67616d00004851f8996a3f97e80d9d700635c3",
      "width" : 64
    } ],
    "name" : "The Joshua Tree",
    "release_date" : "1987-03-10",
    "release_date_precision" : "day",
    "total_tracks" : 11,
    "type" : "album",
    "uri" : "spotify:album:5vBZRYu2GLA65nfxBvG1a7"
  }, {
    "album_group" : "album",
    "album_type" : "album",
    "artists" : [ {
      "external_urls" : {
        "spotify" : "https://open.spotify.com/artist/51Blml2LZPmy7TTiAg47vQ"
      },
      "href" : "https://api.spotify.com/v1/artists/51Blml2LZPmy7TTiAg47vQ",
      "id" : "51Blml2LZPmy7TTiAg47vQ",
      "name" : "U2",
      "type" : "artist",
      "uri" : "spotify:artist:51Blml2LZPmy7TTiAg47vQ"
    } ],
    "available_markets" : [ "CA", "MX", "US" ],
    "external_urls" : {
      "spotify" : "https://open.spotify.com/album/2t4UTpa53ALkISHhiKrEtv"
    },
    "href" : "https://api.spotify.com/v1/albums/2t4UTpa53ALkISHhiKrEtv",
    "id" : "2t4UTpa53ALkISHhiKrEtv",
    "images" : [ {
      "height" : 640,
      "url" : "https://i.scdn.co/image/ab67616d0000b2733251458b655b95a4f6efc1df",
      "width" : 640
    }, {
      "height" : 300,
      "url" : "https://i.scdn.co/image/ab67616d00001e023251458b655b95a4f6efc1df",
      "width" : 300
    }, {
      "height" : 64,
      "url" : "https://i.scdn.co/image/ab67616d000048513251458b655b95a4f6efc1df",
      "width" : 64
    } ],
    "name" : "The Joshua Tree (Deluxe)",
    "release_date" : "1987-03-03",
    "release_date_precision" : "day",
    "total_tracks" : 28,
    "type" : "album",
    "uri" : "spotify:album:2t4UTpa53ALkISHhiKrEtv"
  }, {
    "album_group" : "album",
    "album_type" : "album",
    "artists" : [ {
      "external_urls" : {
        "spotify" : "https://open.spotify.com/artist/51Blml2LZPmy7TTiAg47vQ"
      },
      "href" : "https://api.spotify.com/v1/artists/51Blml2LZPmy7TTiAg47vQ",
      "id" : "51Blml2LZPmy7TTiAg47vQ",
      "name" : "U2",
      "type" : "artist",
      "uri" : "spotify:artist:51Blml2LZPmy7TTiAg47vQ"
    } ],
    "available_markets" : [ "AD", "AE", "AG", "AL", "AM", "AO", "AR", "AT", "AU", "AZ", "BA", "BB", "BD", "BE", "BF", "BG", "BH", "BI", "BJ", "BN", "BO", "BR", "BS", "BT", "BW", "BY", "BZ", "CA", "CH", "CI", "CL", "CM", "CO", "CR", "CV", "CW", "CY", "CZ", "DE", "DJ", "DK", "DM", "DO", "DZ", "EC", "EE", "EG", "ES", "FI", "FJ", "FM", "FR", "GA", "GB", "GD", "GE", "GH", "GM", "GN", "GQ", "GR", "GT", "GW", "GY", "HK", "HN", "HR", "HT", "HU", "ID", "IE", "IL", "IN", "IS", "IT", "JM", "JO", "KE", "KG", "KH", "KI", "KM", "KN", "KR", "KW", "KZ", "LA", "LB", "LC", "LI", "LK", "LR", "LS", "LT", "LU", "LV", "MA", "MC", "MD", "ME", "MG", "MH", "MK", "ML", "MN", "MO", "MR", "MT", "MU", "MV", "MW", "MX", "MY", "MZ", "NA", "NE", "NG", "NI", "NL", "NO", "NP", "NR", "NZ", "OM", "PA", "PE", "PG", "PH", "PK", "PL", "PS", "PT", "PW", "PY", "QA", "RO", "RS", "RU", "RW", "SA", "SB", "SC", "SE", "SG", "SI", "SK", "SL", "SM", "SN", "SR", "ST", "SV", "SZ", "TD", "TG", "TH", "TL", "TN", "TO", "TR", "TT", "TV", "TW", "TZ", "UA", "UG", "US", "UY", "UZ", "VC", "VN", "VU", "WS", "XK", "ZA", "ZM", "ZW" ],
    "external_urls" : {
      "spotify" : "https://open.spotify.com/album/5y6wlw1LnqFnQFruMeiwGU"
    },
    "href" : "https://api.spotify.com/v1/albums/5y6wlw1LnqFnQFruMeiwGU",
    "id" : "5y6wlw1LnqFnQFruMeiwGU",
    "images" : [ {
      "height" : 640,
      "url" : "https://i.scdn.co/image/ab67616d0000b273b7bea3d01f04e6d0408d2afe",
      "width" : 640
    }, {
      "height" : 300,
      "url" : "https://i.scdn.co/image/ab67616d00001e02b7bea3d01f04e6d0408d2afe",
      "width" : 300
    }, {
      "height" : 64,
      "url" : "https://i.scdn.co/image/ab67616d00004851b7bea3d01f04e6d0408d2afe",
      "width" : 64
    } ],
    "name" : "The Joshua Tree (Super Deluxe)",
    "release_date" : "1987-03-03",
    "release_date_precision" : "day",
    "total_tracks" : 49,
    "type" : "album",
    "uri" : "spotify:album:5y6wlw1LnqFnQFruMeiwGU"
  }, {
    "album_group" : "album",
    "album_type" : "album",
    "artists" : [ {
      "external_urls" : {
        "spotify" : "https://open.spotify.com/artist/51Blml2LZPmy7TTiAg47vQ"
      },
      "href" : "https://api.spotify.com/v1/artists/51Blml2LZPmy7TTiAg47vQ",
      "id" : "51Blml2LZPmy7TTiAg47vQ",
      "name" : "U2",
      "type" : "artist",
      "uri" : "spotify:artist:51Blml2LZPmy7TTiAg47vQ"
    } ],
    "available_markets" : [ "JP" ],
    "external_urls" : {
      "spotify" : "https://open.spotify.com/album/0VhBqdWCPCvkUAqtNhmOd6"
    },
    "href" : "https://api.spotify.com/v1/albums/0VhBqdWCPCvkUAqtNhmOd6",
    "id" : "0VhBqdWCPCvkUAqtNhmOd6",
    "images" : [ {
      "height" : 640,
      "url" : "https://i.scdn.co/image/ab67616d0000b27323a74d8412a99a8210f33c79",
      "width" : 640
    }, {
      "height" : 300,
      "url" : "https://i.scdn.co/image/ab67616d00001e0223a74d8412a99a8210f33c79",
      "width" : 300
    }, {
      "height" : 64,
      "url" : "https://i.scdn.co/image/ab67616d0000485123a74d8412a99a8210f33c79",
      "width" : 64
    } ],
    "name" : "The Joshua Tree (Super Deluxe)",
    "release_date" : "1987-03-03",
    "release_date_precision" : "day",
    "total_tracks" : 49,
    "type" : "album",
    "uri" : "spotify:album:0VhBqdWCPCvkUAqtNhmOd6"
  }, {
    "album_group" : "album",
    "album_type" : "album",
    "artists" : [ {
      "external_urls" : {
        "spotify" : "https://open.spotify.com/artist/51Blml2LZPmy7TTiAg47vQ"
      },
      "href" : "https://api.spotify.com/v1/artists/51Blml2LZPmy7TTiAg47vQ",
      "id" : "51Blml2LZPmy7TTiAg47vQ",
      "name" : "U2",
      "type" : "artist",
      "uri" : "spotify:artist:51Blml2LZPmy7TTiAg47vQ"
    } ],
    "available_markets" : [ "CA", "MX", "US" ],
    "external_urls" : {
      "spotify" : "https://open.spotify.com/album/4JfQDfKe4N5NCEyMP1mYT6"
    },
    "href" : "https://api.spotify.com/v1/albums/4JfQDfKe4N5NCEyMP1mYT6",
    "id" : "4JfQDfKe4N5NCEyMP1mYT6",
    "images" : [ {
      "height" : 640,
      "url" : "https://i.scdn.co/image/ab67616d0000b273fb32e8b64c0ef9467bec4f09",
      "width" : 640
    }, {
      "height" : 300,
      "url" : "https://i.scdn.co/image/ab67616d00001e02fb32e8b64c0ef9467bec4f09",
      "width" : 300
    }, {
      "height" : 64,
      "url" : "https://i.scdn.co/image/ab67616d00004851fb32e8b64c0ef9467bec4f09",
      "width" : 64
    } ],
    "name" : "The Unforgettable Fire",
    "release_date" : "1984-10-01",
    "release_date_precision" : "day",
    "total_tracks" : 10,
    "type" : "album",
    "uri" : "spotify:album:4JfQDfKe4N5NCEyMP1mYT6"
  }, {
    "album_group" : "album",
    "album_type" : "album",
    "artists" : [ {
      "external_urls" : {
        "spotify" : "https://open.spotify.com/artist/51Blml2LZPmy7TTiAg47vQ"
      },
      "href" : "https://api.spotify.com/v1/artists/51Blml2LZPmy7TTiAg47vQ",
      "id" : "51Blml2LZPmy7TTiAg47vQ",
      "name" : "U2",
      "type" : "artist",
      "uri" : "spotify:artist:51Blml2LZPmy7TTiAg47vQ"
    } ],
    "available_markets" : [ "CA", "JP", "US" ],
    "external_urls" : {
      "spotify" : "https://open.spotify.com/album/1Y0w6vwUl9mwX1mTQ9SpQF"
    },
    "href" : "https://api.spotify.com/v1/albums/1Y0w6vwUl9mwX1mTQ9SpQF",
    "id" : "1Y0w6vwUl9mwX1mTQ9SpQF",
    "images" : [ {
      "height" : 640,
      "url" : "https://i.scdn.co/image/ab67616d0000b273555c0feab048e9d6fb93a18d",
      "width" : 640
    }, {
      "height" : 300,
      "url" : "https://i.scdn.co/image/ab67616d00001e02555c0feab048e9d6fb93a18d",
      "width" : 300
    }, {
      "height" : 64,
      "url" : "https://i.scdn.co/image/ab67616d00004851555c0feab048e9d6fb93a18d",
      "width" : 64
    } ],
    "name" : "The Unforgettable Fire (Deluxe Edition Remastered)",
    "release_date" : "1984-10-01",
    "release_date_precision" : "day",
    "total_tracks" : 26,
    "type" : "album",
    "uri" : "spotify:album:1Y0w6vwUl9mwX1mTQ9SpQF"
  }, {
    "album_group" : "album",
    "album_type" : "album",
    "artists" : [ {
      "external_urls" : {
        "spotify" : "https://open.spotify.com/artist/51Blml2LZPmy7TTiAg47vQ"
      },
      "href" : "https://api.spotify.com/v1/artists/51Blml2LZPmy7TTiAg47vQ",
      "id" : "51Blml2LZPmy7TTiAg47vQ",
      "name" : "U2",
      "type" : "artist",
      "uri" : "spotify:artist:51Blml2LZPmy7TTiAg47vQ"
    } ],
    "available_markets" : [ "AD", "AE", "AG", "AL", "AM", "AO", "AR", "AT", "AU", "AZ", "BA", "BB", "BD", "BE", "BF", "BG", "BH", "BI", "BJ", "BN", "BO", "BR", "BS", "BT", "BW", "BY", "BZ", "CH", "CI", "CL", "CM", "CO", "CR", "CV", "CW", "CY", "CZ", "DE", "DJ", "DK", "DM", "DO", "DZ", "EC", "EE", "EG", "ES", "FI", "FJ", "FM", "FR", "GA", "GB", "GD", "GE", "GH", "GM", "GN", "GQ", "GR", "GT", "GW", "GY", "HK", "HN", "HR", "HT", "HU", "ID", "IE", "IL", "IN", "IS", "IT", "JM", "JO", "KE", "KG", "KH", "KI", "KM", "KN", "KR", "KW", "KZ", "LA", "LB", "LC", "LI", "LK", "LR", "LS", "LT", "LU", "LV", "MA", "MC", "MD", "ME", "MG", "MH", "MK", "ML", "MN", "MO", "MR", "MT", "MU", "MV", "MW", "MY", "MZ", "NA", "NE", "NG", "NI", "NL", "NO", "NP", "NR", "NZ", "OM", "PA", "PE", "PG", "PH", "PK", "PL", "PS", "PT", "PW", "PY", "QA", "RO", "RS", "RU", "RW", "SA", "SB", "SC", "SE", "SG", "SI", "SK", "SL", "SM", "SN", "SR", "ST", "SV", "SZ", "TD", "TG", "TH", "TL", "TN", "TO", "TR", "TT", "TV", "TW", "TZ", "UA", "UG", "UY", "UZ", "VC", "VN", "VU", "WS", "XK", "ZA", "ZM", "ZW" ],
    "external_urls" : {
      "spotify" : "https://open.spotify.com/album/6akaB3XfTnCwrY4DahsBCY"
    },
    "href" : "https://api.spotify.com/v1/albums/6akaB3XfTnCwrY4DahsBCY",
    "id" : "6akaB3XfTnCwrY4DahsBCY",
    "images" : [ {
      "height" : 640,
      "url" : "https://i.scdn.co/image/ab67616d0000b27377df2aceaf90f06a20b56b14",
      "width" : 640
    }, {
      "height" : 300,
      "url" : "https://i.scdn.co/image/ab67616d00001e0277df2aceaf90f06a20b56b14",
      "width" : 300
    }, {
      "height" : 64,
      "url" : "https://i.scdn.co/image/ab67616d0000485177df2aceaf90f06a20b56b14",
      "width" : 64
    } ],
    "name" : "The Unforgettable Fire (Deluxe Edition Remastered)",
    "release_date" : "1984-10-01",
    "release_date_precision" : "day",
    "total_tracks" : 26,
    "type" : "album",
    "uri" : "spotify:album:6akaB3XfTnCwrY4DahsBCY"
  }, {
    "album_group" : "album",
    "album_type" : "album",
    "artists" : [ {
      "external_urls" : {
        "spotify" : "https://open.spotify.com/artist/51Blml2LZPmy7TTiAg47vQ"
      },
      "href" : "https://api.spotify.com/v1/artists/51Blml2LZPmy7TTiAg47vQ",
      "id" : "51Blml2LZPmy7TTiAg47vQ",
      "name" : "U2",
      "type" : "artist",
      "uri" : "spotify:artist:51Blml2LZPmy7TTiAg47vQ"
    } ],
    "available_markets" : [ "AD", "AE", "AG", "AL", "AM", "AO", "AR", "AT", "AU", "AZ", "BA", "BB", "BD", "BE", "BF", "BG", "BH", "BI", "BJ", "BN", "BO", "BR", "BS", "BT", "BW", "BY", "BZ", "CA", "CH", "CI", "CL", "CM", "CO", "CR", "CV", "CW", "CY", "CZ", "DE", "DJ", "DK", "DM", "DO", "DZ", "EC", "EE", "EG", "ES", "FI", "FJ", "FM", "FR", "GA", "GB", "GD", "GE", "GH", "GM", "GN", "GQ", "GR", "GT", "GW", "GY", "HK", "HN", "HR", "HT", "HU", "ID", "IE", "IL", "IN", "IS", "IT", "JM", "JO", "JP", "KE", "KG", "KH", "KI", "KM", "KN", "KR", "KW", "KZ", "LA", "LB", "LC", "LI", "LK", "LR", "LS", "LT", "LU", "LV", "MA", "MC", "MD", "ME", "MG", "MH", "MK", "ML", "MN", "MO", "MR", "MT", "MU", "MV", "MW", "MX", "MY", "MZ", "NA", "NE", "NG", "NI", "NL", "NO", "NP", "NR", "NZ", "OM", "PA", "PE", "PG", "PH", "PK", "PL", "PS", "PT", "PW", "PY", "QA", "RO", "RS", "RU", "RW", "SA", "SB", "SC", "SE", "SG", "SI", "SK", "SL", "SM", "SN", "SR", "ST", "SV", "SZ", "TD", "TG", "TH", "TL", "TN", "TO", "TR", "TT", "TV", "TW", "TZ", "UA", "UG", "US", "UY", "UZ", "VC", "VN", "VU", "WS", "XK", "ZA", "ZM", "ZW" ],
    "external_urls" : {
      "spotify" : "https://open.spotify.com/album/3FFosIE1A9HGRrinKTcBQ3"
    },
    "href" : "https://api.spotify.com/v1/albums/3FFosIE1A9HGRrinKTcBQ3",
    "id" : "3FFosIE1A9HGRrinKTcBQ3",
    "images" : [ {
      "height" : 640,
      "url" : "https://i.scdn.co/image/ab67616d0000b273f3a97984c9fb5074f87e938d",
      "width" : 640
    }, {
      "height" : 300,
      "url" : "https://i.scdn.co/image/ab67616d00001e02f3a97984c9fb5074f87e938d",
      "width" : 300
    }, {
      "height" : 64,
      "url" : "https://i.scdn.co/image/ab67616d00004851f3a97984c9fb5074f87e938d",
      "width" : 64
    } ],
    "name" : "The Unforgettable Fire (Remastered)",
    "release_date" : "1984-10-01",
    "release_date_precision" : "day",
    "total_tracks" : 10,
    "type" : "album",
    "uri" : "spotify:album:3FFosIE1A9HGRrinKTcBQ3"
  }, {
    "album_group" : "album",
    "album_type" : "album",
    "artists" : [ {
      "external_urls" : {
        "spotify" : "https://open.spotify.com/artist/51Blml2LZPmy7TTiAg47vQ"
      },
      "href" : "https://api.spotify.com/v1/artists/51Blml2LZPmy7TTiAg47vQ",
      "id" : "51Blml2LZPmy7TTiAg47vQ",
      "name" : "U2",
      "type" : "artist",
      "uri" : "spotify:artist:51Blml2LZPmy7TTiAg47vQ"
    } ],
    "available_markets" : [ "MX" ],
    "external_urls" : {
      "spotify" : "https://open.spotify.com/album/78TMTGYk15Py07PFNdQ7AJ"
    },
    "href" : "https://api.spotify.com/v1/albums/78TMTGYk15Py07PFNdQ7AJ",
    "id" : "78TMTGYk15Py07PFNdQ7AJ",
    "images" : [ {
      "height" : 640,
      "url" : "https://i.scdn.co/image/ab67616d0000b273fc7918a6842bfe78c6892a8f",
      "width" : 640
    }, {
      "height" : 300,
      "url" : "https://i.scdn.co/image/ab67616d00001e02fc7918a6842bfe78c6892a8f",
      "width" : 300
    }, {
      "height" : 64,
      "url" : "https://i.scdn.co/image/ab67616d00004851fc7918a6842bfe78c6892a8f",
      "width" : 64
    } ],
    "name" : "War (Deluxe Bonus eAlbum)",
    "release_date" : "1983-02-28",
    "release_date_precision" : "day",
    "total_tracks" : 12,
    "type" : "album",
    "uri" : "spotify:album:78TMTGYk15Py07PFNdQ7AJ"
  }, {
    "album_group" : "album",
    "album_type" : "album",
    "artists" : [ {
      "external_urls" : {
        "spotify" : "https://open.spotify.com/artist/51Blml2LZPmy7TTiAg47vQ"
      },
      "href" : "https://api.spotify.com/v1/artists/51Blml2LZPmy7TTiAg47vQ",
      "id" : "51Blml2LZPmy7TTiAg47vQ",
      "name" : "U2",
      "type" : "artist",
      "uri" : "spotify:artist:51Blml2LZPmy7TTiAg47vQ"
    } ],
    "available_markets" : [ "AD", "AE", "AG", "AL", "AM", "AO", "AR", "AT", "AU", "AZ", "BA", "BB", "BD", "BE", "BF", "BG", "BH", "BI", "BJ", "BN", "BO", "BR", "BS", "BT", "BW", "BY", "BZ", "CA", "CH", "CI", "CL", "CM", "CO", "CR", "CV", "CW", "CY", "CZ", "DE", "DJ", "DK", "DM", "DO", "DZ", "EC", "EE", "EG", "ES", "FI", "FJ", "FM", "FR", "GA", "GB", "GD", "GE", "GH", "GM", "GN", "GQ", "GR", "GT", "GW", "GY", "HK", "HN", "HR", "HT", "HU", "ID", "IE", "IL", "IN", "IS", "IT", "JM", "JO", "JP", "KE", "KG", "KH", "KI", "KM", "KN", "KR", "KW", "KZ", "LA", "LB", "LC", "LI", "LK", "LR", "LS", "LT", "LU", "LV", "MA", "MC", "MD", "ME", "MG", "MH", "MK", "ML", "MN", "MO", "MR", "MT", "MU", "MV", "MW", "MX", "MY", "MZ", "NA", "NE", "NG", "NI", "NL", "NO", "NP", "NR", "NZ", "OM", "PA", "PE", "PG", "PH", "PK", "PL", "PS", "PT", "PW", "PY", "QA", "RO", "RS", "RU", "RW", "SA", "SB", "SC", "SE", "SG", "SI", "SK", "SL", "SM", "SN", "SR", "ST", "SV", "SZ", "TD", "TG", "TH", "TL", "TN", "TO", "TR", "TT", "TV", "TW", "TZ", "UA", "UG", "US", "UY", "UZ", "VC", "VN", "VU", "WS", "XK", "ZA", "ZM", "ZW" ],
    "external_urls" : {
      "spotify" : "https://open.spotify.com/album/4Saua162eaEOksYc8TrB74"
    },
    "href" : "https://api.spotify.com/v1/albums/4Saua162eaEOksYc8TrB74",
    "id" : "4Saua162eaEOksYc8TrB74",
    "images" : [ {
      "height" : 640,
      "url" : "https://i.scdn.co/image/ab67616d0000b273ab282af9bbff8b79516d8cbe",
      "width" : 640
    }, {
      "height" : 300,
      "url" : "https://i.scdn.co/image/ab67616d00001e02ab282af9bbff8b79516d8cbe",
      "width" : 300
    }, {
      "height" : 64,
      "url" : "https://i.scdn.co/image/ab67616d00004851ab282af9bbff8b79516d8cbe",
      "width" : 64
    } ],
    "name" : "War (Deluxe Edition Remastered)",
    "release_date" : "1983-02-28",
    "release_date_precision" : "day",
    "total_tracks" : 22,
    "type" : "album",
    "uri" : "spotify:album:4Saua162eaEOksYc8TrB74"
  }, {
    "album_group" : "album",
    "album_type" : "album",
    "artists" : [ {
      "external_urls" : {
        "spotify" : "https://open.spotify.com/artist/51Blml2LZPmy7TTiAg47vQ"
      },
      "href" : "https://api.spotify.com/v1/artists/51Blml2LZPmy7TTiAg47vQ",
      "id" : "51Blml2LZPmy7TTiAg47vQ",
      "name" : "U2",
      "type" : "artist",
      "uri" : "spotify:artist:51Blml2LZPmy7TTiAg47vQ"
    } ],
    "available_markets" : [ "CA", "MX", "US" ],
    "external_urls" : {
      "spotify" : "https://open.spotify.com/album/2P2KGKsq7ItViExKB2TLzJ"
    },
    "href" : "https://api.spotify.com/v1/albums/2P2KGKsq7ItViExKB2TLzJ",
    "id" : "2P2KGKsq7ItViExKB2TLzJ",
    "images" : [ {
      "height" : 640,
      "url" : "https://i.scdn.co/image/ab67616d0000b273d68a4ae8ca1776606b7ef7f2",
      "width" : 640
    }, {
      "height" : 300,
      "url" : "https://i.scdn.co/image/ab67616d00001e02d68a4ae8ca1776606b7ef7f2",
      "width" : 300
    }, {
      "height" : 64,
      "url" : "https://i.scdn.co/image/ab67616d00004851d68a4ae8ca1776606b7ef7f2",
      "width" : 64
    } ],
    "name" : "War",
    "release_date" : "1983-02-28",
    "release_date_precision" : "day",
    "total_tracks" : 10,
    "type" : "album",
    "uri" : "spotify:album:2P2KGKsq7ItViExKB2TLzJ"
  }, {
    "album_group" : "album",
    "album_type" : "album",
    "artists" : [ {
      "external_urls" : {
        "spotify" : "https://open.spotify.com/artist/51Blml2LZPmy7TTiAg47vQ"
      },
      "href" : "https://api.spotify.com/v1/artists/51Blml2LZPmy7TTiAg47vQ",
      "id" : "51Blml2LZPmy7TTiAg47vQ",
      "name" : "U2",
      "type" : "artist",
      "uri" : "spotify:artist:51Blml2LZPmy7TTiAg47vQ"
    } ],
    "available_markets" : [ "AD", "AE", "AG", "AL", "AM", "AO", "AR", "AT", "AU", "AZ", "BA", "BB", "BD", "BE", "BF", "BG", "BH", "BI", "BJ", "BN", "BO", "BR", "BS", "BT", "BW", "BY", "BZ", "CA", "CH", "CI", "CL", "CM", "CO", "CR", "CV", "CW", "CY", "CZ", "DE", "DJ", "DK", "DM", "DO", "DZ", "EC", "EE", "EG", "ES", "FI", "FJ", "FM", "FR", "GA", "GB", "GD", "GE", "GH", "GM", "GN", "GQ", "GR", "GT", "GW", "GY", "HK", "HN", "HR", "HT", "HU", "ID", "IE", "IL", "IN", "IS", "IT", "JM", "JO", "JP", "KE", "KG", "KH", "KI", "KM", "KN", "KR", "KW", "KZ", "LA", "LB", "LC", "LI", "LK", "LR", "LS", "LT", "LU", "LV", "MA", "MC", "MD", "ME", "MG", "MH", "MK", "ML", "MN", "MO", "MR", "MT", "MU", "MV", "MW", "MX", "MY", "MZ", "NA", "NE", "NG", "NI", "NL", "NO", "NP", "NR", "NZ", "OM", "PA", "PE", "PG", "PH", "PK", "PL", "PS", "PT", "PW", "PY", "QA", "RO", "RS", "RU", "RW", "SA", "SB", "SC", "SE", "SG", "SI", "SK", "SL", "SM", "SN", "SR", "ST", "SV", "SZ", "TD", "TG", "TH", "TL", "TN", "TO", "TR", "TT", "TV", "TW", "TZ", "UA", "UG", "US", "UY", "UZ", "VC", "VN", "VU", "WS", "XK", "ZA", "ZM", "ZW" ],
    "external_urls" : {
      "spotify" : "https://open.spotify.com/album/6GaqU0TlYBKHUiSJ0AT9A2"
    },
    "href" : "https://api.spotify.com/v1/albums/6GaqU0TlYBKHUiSJ0AT9A2",
    "id" : "6GaqU0TlYBKHUiSJ0AT9A2",
    "images" : [ {
      "height" : 640,
      "url" : "https://i.scdn.co/image/ab67616d0000b273673526fcf35ab235e1a9d94c",
      "width" : 640
    }, {
      "height" : 300,
      "url" : "https://i.scdn.co/image/ab67616d00001e02673526fcf35ab235e1a9d94c",
      "width" : 300
    }, {
      "height" : 64,
      "url" : "https://i.scdn.co/image/ab67616d00004851673526fcf35ab235e1a9d94c",
      "width" : 64
    } ],
    "name" : "War (Remastered)",
    "release_date" : "1983-02-28",
    "release_date_precision" : "day",
    "total_tracks" : 10,
    "type" : "album",
    "uri" : "spotify:album:6GaqU0TlYBKHUiSJ0AT9A2"
  }, {
    "album_group" : "album",
    "album_type" : "album",
    "artists" : [ {
      "external_urls" : {
        "spotify" : "https://open.spotify.com/artist/51Blml2LZPmy7TTiAg47vQ"
      },
      "href" : "https://api.spotify.com/v1/artists/51Blml2LZPmy7TTiAg47vQ",
      "id" : "51Blml2LZPmy7TTiAg47vQ",
      "name" : "U2",
      "type" : "artist",
      "uri" : "spotify:artist:51Blml2LZPmy7TTiAg47vQ"
    } ],
    "available_markets" : [ "CA", "MX", "US" ],
    "external_urls" : {
      "spotify" : "https://open.spotify.com/album/595N69tnPNf3f023L7ftWa"
    },
    "href" : "https://api.spotify.com/v1/albums/595N69tnPNf3f023L7ftWa",
    "id" : "595N69tnPNf3f023L7ftWa",
    "images" : [ {
      "height" : 640,
      "url" : "https://i.scdn.co/image/ab67616d0000b273bed1fe25ec93270263c294c8",
      "width" : 640
    }, {
      "height" : 300,
      "url" : "https://i.scdn.co/image/ab67616d00001e02bed1fe25ec93270263c294c8",
      "width" : 300
    }, {
      "height" : 64,
      "url" : "https://i.scdn.co/image/ab67616d00004851bed1fe25ec93270263c294c8",
      "width" : 64
    } ],
    "name" : "October",
    "release_date" : "1981-10-12",
    "release_date_precision" : "day",
    "total_tracks" : 11,
    "type" : "album",
    "uri" : "spotify:album:595N69tnPNf3f023L7ftWa"
  }, {
    "album_group" : "album",
    "album_type" : "album",
    "artists" : [ {
      "external_urls" : {
        "spotify" : "https://open.spotify.com/artist/51Blml2LZPmy7TTiAg47vQ"
      },
      "href" : "https://api.spotify.com/v1/artists/51Blml2LZPmy7TTiAg47vQ",
      "id" : "51Blml2LZPmy7TTiAg47vQ",
      "name" : "U2",
      "type" : "artist",
      "uri" : "spotify:artist:51Blml2LZPmy7TTiAg47vQ"
    } ],
    "available_markets" : [ "AD", "AE", "AG", "AL", "AM", "AO", "AR", "AT", "AU", "AZ", "BA", "BB", "BD", "BE", "BF", "BG", "BH", "BI", "BJ", "BN", "BO", "BR", "BS", "BT", "BW", "BY", "BZ", "CA", "CH", "CI", "CL", "CM", "CO", "CR", "CV", "CW", "CY", "CZ", "DE", "DJ", "DK", "DM", "DO", "DZ", "EC", "EE", "EG", "ES", "FI", "FJ", "FM", "FR", "GA", "GB", "GD", "GE", "GH", "GM", "GN", "GQ", "GR", "GT", "GW", "GY", "HK", "HN", "HR", "HT", "HU", "ID", "IE", "IL", "IN", "IS", "IT", "JM", "JO", "JP", "KE", "KG", "KH", "KI", "KM", "KN", "KR", "KW", "KZ", "LA", "LB", "LC", "LI", "LK", "LR", "LS", "LT", "LU", "LV", "MA", "MC", "MD", "ME", "MG", "MH", "MK", "ML", "MN", "MO", "MR", "MT", "MU", "MV", "MW", "MX", "MY", "MZ", "NA", "NE", "NG", "NI", "NL", "NO", "NP", "NR", "NZ", "OM", "PA", "PE", "PG", "PH", "PK", "PL", "PS", "PT", "PW", "PY", "QA", "RO", "RS", "RU", "RW", "SA", "SB", "SC", "SE", "SG", "SI", "SK", "SL", "SM", "SN", "SR", "ST", "SV", "SZ", "TD", "TG", "TH", "TL", "TN", "TO", "TR", "TT", "TV", "TW", "TZ", "UA", "UG", "US", "UY", "UZ", "VC", "VN", "VU", "WS", "XK", "ZA", "ZM", "ZW" ],
    "external_urls" : {
      "spotify" : "https://open.spotify.com/album/1CZ5aEhYDBEU0HdIdqLMo6"
    },
    "href" : "https://api.spotify.com/v1/albums/1CZ5aEhYDBEU0HdIdqLMo6",
    "id" : "1CZ5aEhYDBEU0HdIdqLMo6",
    "images" : [ {
      "height" : 640,
      "url" : "https://i.scdn.co/image/ab67616d0000b273236bffe7e5984c93e7711152",
      "width" : 640
    }, {
      "height" : 300,
      "url" : "https://i.scdn.co/image/ab67616d00001e02236bffe7e5984c93e7711152",
      "width" : 300
    }, {
      "height" : 64,
      "url" : "https://i.scdn.co/image/ab67616d00004851236bffe7e5984c93e7711152",
      "width" : 64
    } ],
    "name" : "October (Remastered)",
    "release_date" : "1981-10-12",
    "release_date_precision" : "day",
    "total_tracks" : 11,
    "type" : "album",
    "uri" : "spotify:album:1CZ5aEhYDBEU0HdIdqLMo6"
  }, {
    "album_group" : "album",
    "album_type" : "album",
    "artists" : [ {
      "external_urls" : {
        "spotify" : "https://open.spotify.com/artist/51Blml2LZPmy7TTiAg47vQ"
      },
      "href" : "https://api.spotify.com/v1/artists/51Blml2LZPmy7TTiAg47vQ",
      "id" : "51Blml2LZPmy7TTiAg47vQ",
      "name" : "U2",
      "type" : "artist",
      "uri" : "spotify:artist:51Blml2LZPmy7TTiAg47vQ"
    } ],
    "available_markets" : [ "AD", "AE", "AG", "AL", "AM", "AO", "AR", "AT", "AU", "AZ", "BA", "BB", "BD", "BE", "BF", "BG", "BH", "BI", "BJ", "BN", "BO", "BR", "BS", "BT", "BW", "BY", "BZ", "CA", "CH", "CI", "CL", "CM", "CO", "CR", "CV", "CW", "CY", "CZ", "DE", "DJ", "DK", "DM", "DO", "DZ", "EC", "EE", "EG", "ES", "FI", "FJ", "FM", "FR", "GA", "GB", "GD", "GE", "GH", "GM", "GN", "GQ", "GR", "GT", "GW", "GY", "HK", "HN", "HR", "HT", "HU", "ID", "IE", "IL", "IN", "IS", "IT", "JM", "JO", "JP", "KE", "KG", "KH", "KI", "KM", "KN", "KR", "KW", "KZ", "LA", "LB", "LC", "LI", "LK", "LR", "LS", "LT", "LU", "LV", "MA", "MC", "MD", "ME", "MG", "MH", "MK", "ML", "MN", "MO", "MR", "MT", "MU", "MV", "MW", "MX", "MY", "MZ", "NA", "NE", "NG", "NI", "NL", "NO", "NP", "NR", "NZ", "OM", "PA", "PE", "PG", "PH", "PK", "PL", "PS", "PT", "PW", "PY", "QA", "RO", "RS", "RU", "RW", "SA", "SB", "SC", "SE", "SG", "SI", "SK", "SL", "SM", "SN", "SR", "ST", "SV", "SZ", "TD", "TG", "TH", "TL", "TN", "TO", "TR", "TT", "TV", "TW", "TZ", "UA", "UG", "US", "UY", "UZ", "VC", "VN", "VU", "WS", "XK", "ZA", "ZM", "ZW" ],
    "external_urls" : {
      "spotify" : "https://open.spotify.com/album/59O7CFxLYBBKYtrO61LyqF"
    },
    "href" : "https://api.spotify.com/v1/albums/59O7CFxLYBBKYtrO61LyqF",
    "id" : "59O7CFxLYBBKYtrO61LyqF",
    "images" : [ {
      "height" : 640,
      "url" : "https://i.scdn.co/image/ab67616d0000b2731a2cc6238cb69e8eb063480d",
      "width" : 640
    }, {
      "height" : 300,
      "url" : "https://i.scdn.co/image/ab67616d00001e021a2cc6238cb69e8eb063480d",
      "width" : 300
    }, {
      "height" : 64,
      "url" : "https://i.scdn.co/image/ab67616d000048511a2cc6238cb69e8eb063480d",
      "width" : 64
    } ],
    "name" : "October (Deluxe Edition Remastered)",
    "release_date" : "1981-10-12",
    "release_date_precision" : "day",
    "total_tracks" : 28,
    "type" : "album",
    "uri" : "spotify:album:59O7CFxLYBBKYtrO61LyqF"
  }, {
    "album_group" : "album",
    "album_type" : "album",
    "artists" : [ {
      "external_urls" : {
        "spotify" : "https://open.spotify.com/artist/51Blml2LZPmy7TTiAg47vQ"
      },
      "href" : "https://api.spotify.com/v1/artists/51Blml2LZPmy7TTiAg47vQ",
      "id" : "51Blml2LZPmy7TTiAg47vQ",
      "name" : "U2",
      "type" : "artist",
      "uri" : "spotify:artist:51Blml2LZPmy7TTiAg47vQ"
    } ],
    "available_markets" : [ "CA", "MX" ],
    "external_urls" : {
      "spotify" : "https://open.spotify.com/album/0E01zOqeK9o8xiAVWVDekj"
    },
    "href" : "https://api.spotify.com/v1/albums/0E01zOqeK9o8xiAVWVDekj",
    "id" : "0E01zOqeK9o8xiAVWVDekj",
    "images" : [ {
      "height" : 640,
      "url" : "https://i.scdn.co/image/ab67616d0000b273ee6fdef55f5bf1db5c491375",
      "width" : 640
    }, {
      "height" : 300,
      "url" : "https://i.scdn.co/image/ab67616d00001e02ee6fdef55f5bf1db5c491375",
      "width" : 300
    }, {
      "height" : 64,
      "url" : "https://i.scdn.co/image/ab67616d00004851ee6fdef55f5bf1db5c491375",
      "width" : 64
    } ],
    "name" : "Boy",
    "release_date" : "1980-10-20",
    "release_date_precision" : "day",
    "total_tracks" : 11,
    "type" : "album",
    "uri" : "spotify:album:0E01zOqeK9o8xiAVWVDekj"
  }, {
    "album_group" : "album",
    "album_type" : "album",
    "artists" : [ {
      "external_urls" : {
        "spotify" : "https://open.spotify.com/artist/51Blml2LZPmy7TTiAg47vQ"
      },
      "href" : "https://api.spotify.com/v1/artists/51Blml2LZPmy7TTiAg47vQ",
      "id" : "51Blml2LZPmy7TTiAg47vQ",
      "name" : "U2",
      "type" : "artist",
      "uri" : "spotify:artist:51Blml2LZPmy7TTiAg47vQ"
    } ],
    "available_markets" : [ "AD", "AE", "AG", "AL", "AM", "AO", "AR", "AT", "AU", "AZ", "BA", "BB", "BD", "BE", "BF", "BG", "BH", "BI", "BJ", "BN", "BO", "BR", "BS", "BT", "BW", "BY", "BZ", "CA", "CH", "CI", "CL", "CM", "CO", "CR", "CV", "CW", "CY", "CZ", "DE", "DJ", "DK", "DM", "DO", "DZ", "EC", "EE", "EG", "ES", "FI", "FJ", "FM", "FR", "GA", "GB", "GD", "GE", "GH", "GM", "GN", "GQ", "GR", "GT", "GW", "GY", "HK", "HN", "HR", "HT", "HU", "ID", "IE", "IL", "IN", "IS", "IT", "JM", "JO", "JP", "KE", "KG", "KH", "KI", "KM", "KN", "KR", "KW", "KZ", "LA", "LB", "LC", "LI", "LK", "LR", "LS", "LT", "LU", "LV", "MA", "MC", "MD", "ME", "MG", "MH", "MK", "ML", "MN", "MO", "MR", "MT", "MU", "MV", "MW", "MX", "MY", "MZ", "NA", "NE", "NG", "NI", "NL", "NO", "NP", "NR", "NZ", "OM", "PA", "PE", "PG", "PH", "PK", "PL", "PS", "PT", "PW", "PY", "QA", "RO", "RS", "RU", "RW", "SA", "SB", "SC", "SE", "SG", "SI", "SK", "SL", "SM", "SN", "SR", "ST", "SV", "SZ", "TD", "TG", "TH", "TL", "TN", "TO", "TR", "TT", "TV", "TW", "TZ", "UA", "UG", "US", "UY", "UZ", "VC", "VN", "VU", "WS", "XK", "ZA", "ZM", "ZW" ],
    "external_urls" : {
      "spotify" : "https://open.spotify.com/album/4YCjEFs1aDmcilTMbqMwjY"
    },
    "href" : "https://api.spotify.com/v1/albums/4YCjEFs1aDmcilTMbqMwjY",
    "id" : "4YCjEFs1aDmcilTMbqMwjY",
    "images" : [ {
      "height" : 640,
      "url" : "https://i.scdn.co/image/ab67616d0000b2736744b017c4dc9b732913708e",
      "width" : 640
    }, {
      "height" : 300,
      "url" : "https://i.scdn.co/image/ab67616d00001e026744b017c4dc9b732913708e",
      "width" : 300
    }, {
      "height" : 64,
      "url" : "https://i.scdn.co/image/ab67616d000048516744b017c4dc9b732913708e",
      "width" : 64
    } ],
    "name" : "Boy (Deluxe Edition Remastered)",
    "release_date" : "1980-10-20",
    "release_date_precision" : "day",
    "total_tracks" : 25,
    "type" : "album",
    "uri" : "spotify:album:4YCjEFs1aDmcilTMbqMwjY"
  }, {
    "album_group" : "album",
    "album_type" : "album",
    "artists" : [ {
      "external_urls" : {
        "spotify" : "https://open.spotify.com/artist/51Blml2LZPmy7TTiAg47vQ"
      },
      "href" : "https://api.spotify.com/v1/artists/51Blml2LZPmy7TTiAg47vQ",
      "id" : "51Blml2LZPmy7TTiAg47vQ",
      "name" : "U2",
      "type" : "artist",
      "uri" : "spotify:artist:51Blml2LZPmy7TTiAg47vQ"
    } ],
    "available_markets" : [ "AD", "AE", "AG", "AL", "AM", "AO", "AR", "AT", "AU", "AZ", "BA", "BB", "BD", "BE", "BF", "BG", "BH", "BI", "BJ", "BN", "BO", "BR", "BS", "BT", "BW", "BY", "BZ", "CA", "CH", "CI", "CL", "CM", "CO", "CR", "CV", "CW", "CY", "CZ", "DE", "DJ", "DK", "DM", "DO", "DZ", "EC", "EE", "EG", "ES", "FI", "FJ", "FM", "FR", "GA", "GB", "GD", "GE", "GH", "GM", "GN", "GQ", "GR", "GT", "GW", "GY", "HK", "HN", "HR", "HT", "HU", "ID", "IE", "IL", "IN", "IS", "IT", "JM", "JO", "JP", "KE", "KG", "KH", "KI", "KM", "KN", "KR", "KW", "KZ", "LA", "LB", "LC", "LI", "LK", "LR", "LS", "LT", "LU", "LV", "MA", "MC", "MD", "ME", "MG", "MH", "MK", "ML", "MN", "MO", "MR", "MT", "MU", "MV", "MW", "MX", "MY", "MZ", "NA", "NE", "NG", "NI", "NL", "NO", "NP", "NR", "NZ", "OM", "PA", "PE", "PG", "PH", "PK", "PL", "PS", "PT", "PW", "PY", "QA", "RO", "RS", "RU", "RW", "SA", "SB", "SC", "SE", "SG", "SI", "SK", "SL", "SM", "SN", "SR", "ST", "SV", "SZ", "TD", "TG", "TH", "TL", "TN", "TO", "TR", "TT", "TV", "TW", "TZ", "UA", "UG", "US", "UY", "UZ", "VC", "VN", "VU", "WS", "XK", "ZA", "ZM", "ZW" ],
    "external_urls" : {
      "spotify" : "https://open.spotify.com/album/2co53OwPjlTvPDQTpErBtU"
    },
    "href" : "https://api.spotify.com/v1/albums/2co53OwPjlTvPDQTpErBtU",
    "id" : "2co53OwPjlTvPDQTpErBtU",
    "images" : [ {
      "height" : 640,
      "url" : "https://i.scdn.co/image/ab67616d0000b2737e781bfae8ee048ceed80b9e",
      "width" : 640
    }, {
      "height" : 300,
      "url" : "https://i.scdn.co/image/ab67616d00001e027e781bfae8ee048ceed80b9e",
      "width" : 300
    }, {
      "height" : 64,
      "url" : "https://i.scdn.co/image/ab67616d000048517e781bfae8ee048ceed80b9e",
      "width" : 64
    } ],
    "name" : "Boy (Remastered)",
    "release_date" : "1980-10-20",
    "release_date_precision" : "day",
    "total_tracks" : 11,
    "type" : "album",
    "uri" : "spotify:album:2co53OwPjlTvPDQTpErBtU"
  }, {
    "album_group" : "single",
    "album_type" : "single",
    "artists" : [ {
      "external_urls" : {
        "spotify" : "https://open.spotify.com/artist/51Blml2LZPmy7TTiAg47vQ"
      },
      "href" : "https://api.spotify.com/v1/artists/51Blml2LZPmy7TTiAg47vQ",
      "id" : "51Blml2LZPmy7TTiAg47vQ",
      "name" : "U2",
      "type" : "artist",
      "uri" : "spotify:artist:51Blml2LZPmy7TTiAg47vQ"
    } ],
    "available_markets" : [ "AD", "AE", "AG", "AL", "AM", "AO", "AR", "AT", "AU", "AZ", "BA", "BB", "BD", "BE", "BF", "BG", "BH", "BI", "BJ", "BN", "BO", "BR", "BS", "BT", "BW", "BY", "BZ", "CA", "CH", "CI", "CL", "CM", "CO", "CR", "CV", "CW", "CY", "CZ", "DE", "DJ", "DK", "DM", "DO", "DZ", "EC", "EE", "EG", "ES", "FI", "FJ", "FM", "FR", "GA", "GB", "GD", "GE", "GH", "GM", "GN", "GQ", "GR", "GT", "GW", "GY", "HK", "HN", "HR", "HT", "HU", "ID", "IE", "IL", "IN", "IS", "IT", "JM", "JO", "JP", "KE", "KG", "KH", "KI", "KM", "KN", "KR", "KW", "KZ", "LA", "LB", "LC", "LI", "LK", "LR", "LS", "LT", "LU", "LV", "MA", "MC", "MD", "ME", "MG", "MH", "MK", "ML", "MN", "MO", "MR", "MT", "MU", "MV", "MW", "MX", "MY", "MZ", "NA", "NE", "NG", "NI", "NL", "NO", "NP", "NR", "NZ", "OM", "PA", "PE", "PG", "PH", "PK", "PL", "PS", "PT", "PW", "PY", "QA", "RO", "RS", "RU", "RW", "SA", "SB", "SC", "SE", "SG", "SI", "SK", "SL", "SM", "SN", "SR", "ST", "SV", "SZ", "TD", "TG", "TH", "TL", "TN", "TO", "TR", "TT", "TV", "TW", "TZ", "UA", "UG", "US", "UY", "UZ", "VC", "VN", "VU", "WS", "XK", "ZA", "ZM", "ZW" ],
    "external_urls" : {
      "spotify" : "https://open.spotify.com/album/5zDXcIoC0x6StiWOmlyCUT"
    },
    "href" : "https://api.spotify.com/v1/albums/5zDXcIoC0x6StiWOmlyCUT",
    "id" : "5zDXcIoC0x6StiWOmlyCUT",
    "images" : [ {
      "height" : 640,
      "url" : "https://i.scdn.co/image/ab67616d0000b27343d2c1a56b62c929f637a0ce",
      "width" : 640
    }, {
      "height" : 300,
      "url" : "https://i.scdn.co/image/ab67616d00001e0243d2c1a56b62c929f637a0ce",
      "width" : 300
    }, {
      "height" : 64,
      "url" : "https://i.scdn.co/image/ab67616d0000485143d2c1a56b62c929f637a0ce",
      "width" : 64
    } ],
    "name" : "The Virtual Road – iNNOCENCE + eXPERIENCE Live In Paris EP (Remastered 2021)",
    "release_date" : "2021-04-10",
    "release_date_precision" : "day",
    "total_tracks" : 4,
    "type" : "album",
    "uri" : "spotify:album:5zDXcIoC0x6StiWOmlyCUT"
  }, {
    "album_group" : "single",
    "album_type" : "single",
    "artists" : [ {
      "external_urls" : {
        "spotify" : "https://open.spotify.com/artist/51Blml2LZPmy7TTiAg47vQ"
      },
      "href" : "https://api.spotify.com/v1/artists/51Blml2LZPmy7TTiAg47vQ",
      "id" : "51Blml2LZPmy7TTiAg47vQ",
      "name" : "U2",
      "type" : "artist",
      "uri" : "spotify:artist:51Blml2LZPmy7TTiAg47vQ"
    } ],
    "available_markets" : [ "AD", "AE", "AG", "AL", "AM", "AO", "AR", "AT", "AU", "AZ", "BA", "BB", "BD", "BE", "BF", "BG", "BH", "BI", "BJ", "BN", "BO", "BR", "BS", "BT", "BW", "BY", "BZ", "CA", "CH", "CI", "CL", "CM", "CO", "CR", "CV", "CW", "CY", "CZ", "DE", "DJ", "DK", "DM", "DO", "DZ", "EC", "EE", "EG", "ES", "FI", "FJ", "FM", "FR", "GA", "GB", "GD", "GE", "GH", "GM", "GN", "GQ", "GR", "GT", "GW", "GY", "HK", "HN", "HR", "HT", "HU", "ID", "IE", "IL", "IN", "IS", "IT", "JM", "JO", "JP", "KE", "KG", "KH", "KI", "KM", "KN", "KR", "KW", "KZ", "LA", "LB", "LC", "LI", "LK", "LR", "LS", "LT", "LU", "LV", "MA", "MC", "MD", "ME", "MG", "MH", "MK", "ML", "MN", "MO", "MR", "MT", "MU", "MV", "MW", "MX", "MY", "MZ", "NA", "NE", "NG", "NI", "NL", "NO", "NP", "NR", "NZ", "OM", "PA", "PE", "PG", "PH", "PK", "PL", "PS", "PT", "PW", "PY", "QA", "RO", "RS", "RU", "RW", "SA", "SB", "SC", "SE", "SG", "SI", "SK", "SL", "SM", "SN", "SR", "ST", "SV", "SZ", "TD", "TG", "TH", "TL", "TN", "TO", "TR", "TT", "TV", "TW", "TZ", "UA", "UG", "US", "UY", "UZ", "VC", "VN", "VU", "WS", "XK", "ZA", "ZM", "ZW" ],
    "external_urls" : {
      "spotify" : "https://open.spotify.com/album/5Hnig4D4QzpqMqxppRVVxs"
    },
    "href" : "https://api.spotify.com/v1/albums/5Hnig4D4QzpqMqxppRVVxs",
    "id" : "5Hnig4D4QzpqMqxppRVVxs",
    "images" : [ {
      "height" : 640,
      "url" : "https://i.scdn.co/image/ab67616d0000b273ef22c564e2a7daa18ef6b959",
      "width" : 640
    }, {
      "height" : 300,
      "url" : "https://i.scdn.co/image/ab67616d00001e02ef22c564e2a7daa18ef6b959",
      "width" : 300
    }, {
      "height" : 64,
      "url" : "https://i.scdn.co/image/ab67616d00004851ef22c564e2a7daa18ef6b959",
      "width" : 64
    } ],
    "name" : "The Virtual Road – PopMart Live From Mexico City EP (Remastered 2021)",
    "release_date" : "2021-04-01",
    "release_date_precision" : "day",
    "total_tracks" : 4,
    "type" : "album",
    "uri" : "spotify:album:5Hnig4D4QzpqMqxppRVVxs"
  }, {
    "album_group" : "single",
    "album_type" : "single",
    "artists" : [ {
      "external_urls" : {
        "spotify" : "https://open.spotify.com/artist/51Blml2LZPmy7TTiAg47vQ"
      },
      "href" : "https://api.spotify.com/v1/artists/51Blml2LZPmy7TTiAg47vQ",
      "id" : "51Blml2LZPmy7TTiAg47vQ",
      "name" : "U2",
      "type" : "artist",
      "uri" : "spotify:artist:51Blml2LZPmy7TTiAg47vQ"
    } ],
    "available_markets" : [ "AD", "AE", "AG", "AL", "AM", "AO", "AR", "AT", "AU", "AZ", "BA", "BB", "BD", "BE", "BF", "BG", "BH", "BI", "BJ", "BN", "BO", "BR", "BS", "BT", "BW", "BY", "BZ", "CA", "CH", "CI", "CL", "CM", "CO", "CR", "CV", "CW", "CY", "CZ", "DE", "DJ", "DK", "DM", "DO", "DZ", "EC", "EE", "EG", "ES", "FI", "FJ", "FM", "FR", "GA", "GB", "GD", "GE", "GH", "GM", "GN", "GQ", "GR", "GT", "GW", "GY", "HK", "HN", "HR", "HT", "HU", "ID", "IE", "IL", "IN", "IS", "IT", "JM", "JO", "JP", "KE", "KG", "KH", "KI", "KM", "KN", "KR", "KW", "KZ", "LA", "LB", "LC", "LI", "LK", "LR", "LS", "LT", "LU", "LV", "MA", "MC", "MD", "ME", "MG", "MH", "MK", "ML", "MN", "MO", "MR", "MT", "MU", "MV", "MW", "MX", "MY", "MZ", "NA", "NE", "NG", "NI", "NL", "NO", "NP", "NR", "NZ", "OM", "PA", "PE", "PG", "PH", "PK", "PL", "PS", "PT", "PW", "PY", "QA", "RO", "RS", "RU", "RW", "SA", "SB", "SC", "SE", "SG", "SI", "SK", "SL", "SM", "SN", "SR", "ST", "SV", "SZ", "TD", "TG", "TH", "TL", "TN", "TO", "TR", "TT", "TV", "TW", "TZ", "UA", "UG", "US", "UY", "UZ", "VC", "VN", "VU", "WS", "XK", "ZA", "ZM", "ZW" ],
    "external_urls" : {
      "spotify" : "https://open.spotify.com/album/6DH7NyRvxnNBNVDoiS4tJu"
    },
    "href" : "https://api.spotify.com/v1/albums/6DH7NyRvxnNBNVDoiS4tJu",
    "id" : "6DH7NyRvxnNBNVDoiS4tJu",
    "images" : [ {
      "height" : 640,
      "url" : "https://i.scdn.co/image/ab67616d0000b273b0179a74c522c9d20fe227ce",
      "width" : 640
    }, {
      "height" : 300,
      "url" : "https://i.scdn.co/image/ab67616d00001e02b0179a74c522c9d20fe227ce",
      "width" : 300
    }, {
      "height" : 64,
      "url" : "https://i.scdn.co/image/ab67616d00004851b0179a74c522c9d20fe227ce",
      "width" : 64
    } ],
    "name" : "The Virtual Road – Live At Red Rocks: Under A Blood Red Sky EP (Remastered 2021)",
    "release_date" : "2021-03-25",
    "release_date_precision" : "day",
    "total_tracks" : 4,
    "type" : "album",
    "uri" : "spotify:album:6DH7NyRvxnNBNVDoiS4tJu"
  }, {
    "album_group" : "single",
    "album_type" : "single",
    "artists" : [ {
      "external_urls" : {
        "spotify" : "https://open.spotify.com/artist/51Blml2LZPmy7TTiAg47vQ"
      },
      "href" : "https://api.spotify.com/v1/artists/51Blml2LZPmy7TTiAg47vQ",
      "id" : "51Blml2LZPmy7TTiAg47vQ",
      "name" : "U2",
      "type" : "artist",
      "uri" : "spotify:artist:51Blml2LZPmy7TTiAg47vQ"
    } ],
    "available_markets" : [ "AD", "AE", "AG", "AL", "AM", "AO", "AR", "AT", "AU", "AZ", "BA", "BB", "BD", "BE", "BF", "BG", "BH", "BI", "BJ", "BN", "BO", "BR", "BS", "BT", "BW", "BY", "BZ", "CA", "CH", "CI", "CL", "CM", "CO", "CR", "CV", "CW", "CY", "CZ", "DE", "DJ", "DK", "DM", "DO", "DZ", "EC", "EE", "EG", "ES", "FI", "FJ", "FM", "FR", "GA", "GB", "GD", "GE", "GH", "GM", "GN", "GQ", "GR", "GT", "GW", "GY", "HK", "HN", "HR", "HT", "HU", "ID", "IE", "IL", "IN", "IS", "IT", "JM", "JO", "JP", "KE", "KG", "KH", "KI", "KM", "KN", "KR", "KW", "KZ", "LA", "LB", "LC", "LI", "LK", "LR", "LS", "LT", "LU", "LV", "MA", "MC", "MD", "ME", "MG", "MH", "MK", "ML", "MN", "MO", "MR", "MT", "MU", "MV", "MW", "MX", "MY", "MZ", "NA", "NE", "NG", "NI", "NL", "NO", "NP", "NR", "NZ", "OM", "PA", "PE", "PG", "PH", "PK", "PL", "PS", "PT", "PW", "PY", "QA", "RO", "RS", "RU", "RW", "SA", "SB", "SC", "SE", "SG", "SI", "SK", "SL", "SM", "SN", "SR", "ST", "SV", "SZ", "TD", "TG", "TH", "TL", "TN", "TO", "TR", "TT", "TV", "TW", "TZ", "UA", "UG", "US", "UY", "UZ", "VC", "VN", "VU", "WS", "XK", "ZA", "ZM", "ZW" ],
    "external_urls" : {
      "spotify" : "https://open.spotify.com/album/3qRjN6rGaOXpJggBkSELzc"
    },
    "href" : "https://api.spotify.com/v1/albums/3qRjN6rGaOXpJggBkSELzc",
    "id" : "3qRjN6rGaOXpJggBkSELzc",
    "images" : [ {
      "height" : 640,
      "url" : "https://i.scdn.co/image/ab67616d0000b2738412d0ff9027c721da8c4111",
      "width" : 640
    }, {
      "height" : 300,
      "url" : "https://i.scdn.co/image/ab67616d00001e028412d0ff9027c721da8c4111",
      "width" : 300
    }, {
      "height" : 64,
      "url" : "https://i.scdn.co/image/ab67616d000048518412d0ff9027c721da8c4111",
      "width" : 64
    } ],
    "name" : "The Virtual Road – U2 Go Home: Live From Slane Castle Ireland EP (Remastered 2021)",
    "release_date" : "2021-03-17",
    "release_date_precision" : "day",
    "total_tracks" : 4,
    "type" : "album",
    "uri" : "spotify:album:3qRjN6rGaOXpJggBkSELzc"
  }, {
    "album_group" : "single",
    "album_type" : "single",
    "artists" : [ {
      "external_urls" : {
        "spotify" : "https://open.spotify.com/artist/51Blml2LZPmy7TTiAg47vQ"
      },
      "href" : "https://api.spotify.com/v1/artists/51Blml2LZPmy7TTiAg47vQ",
      "id" : "51Blml2LZPmy7TTiAg47vQ",
      "name" : "U2",
      "type" : "artist",
      "uri" : "spotify:artist:51Blml2LZPmy7TTiAg47vQ"
    } ],
    "available_markets" : [ "AD", "AE", "AG", "AL", "AM", "AO", "AR", "AT", "AU", "AZ", "BA", "BB", "BD", "BE", "BF", "BG", "BH", "BI", "BJ", "BN", "BO", "BR", "BS", "BT", "BW", "BY", "BZ", "CA", "CH", "CI", "CL", "CM", "CO", "CR", "CV", "CW", "CY", "CZ", "DE", "DJ", "DK", "DM", "DO", "DZ", "EC", "EE", "EG", "ES", "FI", "FJ", "FM", "FR", "GA", "GB", "GD", "GE", "GH", "GM", "GN", "GQ", "GR", "GT", "GW", "GY", "HK", "HN", "HR", "HT", "HU", "ID", "IE", "IL", "IN", "IS", "IT", "JM", "JO", "JP", "KE", "KG", "KH", "KI", "KM", "KN", "KR", "KW", "KZ", "LA", "LB", "LC", "LI", "LK", "LR", "LS", "LT", "LU", "LV", "MA", "MC", "MD", "ME", "MG", "MH", "MK", "ML", "MN", "MO", "MR", "MT", "MU", "MV", "MW", "MX", "MY", "MZ", "NA", "NE", "NG", "NI", "NL", "NO", "NP", "NR", "NZ", "OM", "PA", "PE", "PG", "PH", "PK", "PL", "PS", "PT", "PW", "PY", "QA", "RO", "RS", "RU", "RW", "SA", "SB", "SC", "SE", "SG", "SI", "SK", "SL", "SM", "SN", "SR", "ST", "SV", "SZ", "TD", "TG", "TH", "TL", "TN", "TO", "TR", "TT", "TV", "TW", "TZ", "UA", "UG", "US", "UY", "UZ", "VC", "VN", "VU", "WS", "XK", "ZA", "ZM", "ZW" ],
    "external_urls" : {
      "spotify" : "https://open.spotify.com/album/1yoecVTYholTrLaN6HWw7E"
    },
    "href" : "https://api.spotify.com/v1/albums/1yoecVTYholTrLaN6HWw7E",
    "id" : "1yoecVTYholTrLaN6HWw7E",
    "images" : [ {
      "height" : 640,
      "url" : "https://i.scdn.co/image/ab67616d0000b27375526f657f834fed96fdb48c",
      "width" : 640
    }, {
      "height" : 300,
      "url" : "https://i.scdn.co/image/ab67616d00001e0275526f657f834fed96fdb48c",
      "width" : 300
    }, {
      "height" : 64,
      "url" : "https://i.scdn.co/image/ab67616d0000485175526f657f834fed96fdb48c",
      "width" : 64
    } ],
    "name" : "Trilogy (Remastered 2020)",
    "release_date" : "2020-11-13",
    "release_date_precision" : "day",
    "total_tracks" : 3,
    "type" : "album",
    "uri" : "spotify:album:1yoecVTYholTrLaN6HWw7E"
  }, {
    "album_group" : "single",
    "album_type" : "single",
    "artists" : [ {
      "external_urls" : {
        "spotify" : "https://open.spotify.com/artist/51Blml2LZPmy7TTiAg47vQ"
      },
      "href" : "https://api.spotify.com/v1/artists/51Blml2LZPmy7TTiAg47vQ",
      "id" : "51Blml2LZPmy7TTiAg47vQ",
      "name" : "U2",
      "type" : "artist",
      "uri" : "spotify:artist:51Blml2LZPmy7TTiAg47vQ"
    }, {
      "external_urls" : {
        "spotify" : "https://open.spotify.com/artist/3PhoLpVuITZKcymswpck5b"
      },
      "href" : "https://api.spotify.com/v1/artists/3PhoLpVuITZKcymswpck5b",
      "id" : "3PhoLpVuITZKcymswpck5b",
      "name" : "Elton John",
      "type" : "artist",
      "uri" : "spotify:artist:3PhoLpVuITZKcymswpck5b"
    } ],
    "available_markets" : [ "AD", "AE", "AG", "AL", "AM", "AO", "AR", "AT", "AU", "AZ", "BA", "BB", "BD", "BE", "BF", "BG", "BH", "BI", "BJ", "BN", "BO", "BR", "BS", "BT", "BW", "BY", "BZ", "CA", "CH", "CI", "CL", "CM", "CO", "CR", "CV", "CW", "CY", "CZ", "DE", "DJ", "DK", "DM", "DO", "DZ", "EC", "EE", "EG", "ES", "FI", "FJ", "FM", "FR", "GA", "GB", "GD", "GE", "GH", "GM", "GN", "GQ", "GR", "GT", "GW", "GY", "HK", "HN", "HR", "HT", "HU", "ID", "IE", "IL", "IN", "IS", "IT", "JM", "JO", "JP", "KE", "KG", "KH", "KI", "KM", "KN", "KR", "KW", "KZ", "LA", "LB", "LC", "LI", "LK", "LR", "LS", "LT", "LU", "LV", "MA", "MC", "MD", "ME", "MG", "MH", "MK", "ML", "MN", "MO", "MR", "MT", "MU", "MV", "MW", "MX", "MY", "MZ", "NA", "NE", "NG", "NI", "NL", "NO", "NP", "NR", "NZ", "OM", "PA", "PE", "PG", "PH", "PK", "PL", "PS", "PT", "PW", "PY", "QA", "RO", "RS", "RU", "RW", "SA", "SB", "SC", "SE", "SG", "SI", "SK", "SL", "SM", "SN", "SR", "ST", "SV", "SZ", "TD", "TG", "TH", "TL", "TN", "TO", "TR", "TT", "TV", "TW", "TZ", "UA", "UG", "US", "UY", "UZ", "VC", "VN", "VU", "WS", "XK", "ZA", "ZM", "ZW" ],
    "external_urls" : {
      "spotify" : "https://open.spotify.com/album/0aptgsGtrV5XvnopE7ZjSo"
    },
    "href" : "https://api.spotify.com/v1/albums/0aptgsGtrV5XvnopE7ZjSo",
    "id" : "0aptgsGtrV5XvnopE7ZjSo",
    "images" : [ {
      "height" : 640,
      "url" : "https://i.scdn.co/image/ab67616d0000b273bfcf20aaeacbac5a38c945f3",
      "width" : 640
    }, {
      "height" : 300,
      "url" : "https://i.scdn.co/image/ab67616d00001e02bfcf20aaeacbac5a38c945f3",
      "width" : 300
    }, {
      "height" : 64,
      "url" : "https://i.scdn.co/image/ab67616d00004851bfcf20aaeacbac5a38c945f3",
      "width" : 64
    } ],
    "name" : "Bang A Gong (Get It On)",
    "release_date" : "2020-09-04",
    "release_date_precision" : "day",
    "total_tracks" : 1,
    "type" : "album",
    "uri" : "spotify:album:0aptgsGtrV5XvnopE7ZjSo"
  }, {
    "album_group" : "single",
    "album_type" : "single",
    "artists" : [ {
      "external_urls" : {
        "spotify" : "https://open.spotify.com/artist/51Blml2LZPmy7TTiAg47vQ"
      },
      "href" : "https://api.spotify.com/v1/artists/51Blml2LZPmy7TTiAg47vQ",
      "id" : "51Blml2LZPmy7TTiAg47vQ",
      "name" : "U2",
      "type" : "artist",
      "uri" : "spotify:artist:51Blml2LZPmy7TTiAg47vQ"
    }, {
      "external_urls" : {
        "spotify" : "https://open.spotify.com/artist/1mYsTxnqsietFxj1OgoGbG"
      },
      "href" : "https://api.spotify.com/v1/artists/1mYsTxnqsietFxj1OgoGbG",
      "id" : "1mYsTxnqsietFxj1OgoGbG",
      "name" : "A.R. Rahman",
      "type" : "artist",
      "uri" : "spotify:artist:1mYsTxnqsietFxj1OgoGbG"
    } ],
    "available_markets" : [ "AD", "AE", "AG", "AL", "AM", "AO", "AR", "AT", "AU", "AZ", "BA", "BB", "BD", "BE", "BF", "BG", "BH", "BI", "BJ", "BN", "BO", "BR", "BS", "BT", "BW", "BY", "BZ", "CA", "CH", "CI", "CL", "CM", "CO", "CR", "CV", "CW", "CY", "CZ", "DE", "DJ", "DK", "DM", "DO", "DZ", "EC", "EE", "EG", "ES", "FI", "FJ", "FM", "FR", "GA", "GB", "GD", "GE", "GH", "GM", "GN", "GQ", "GR", "GT", "GW", "GY", "HK", "HN", "HR", "HT", "HU", "ID", "IE", "IL", "IN", "IS", "IT", "JM", "JO", "JP", "KE", "KG", "KH", "KI", "KM", "KN", "KR", "KW", "KZ", "LA", "LB", "LC", "LI", "LK", "LR", "LS", "LT", "LU", "LV", "MA", "MC", "MD", "ME", "MG", "MH", "MK", "ML", "MN", "MO", "MR", "MT", "MU", "MV", "MW", "MX", "MY", "MZ", "NA", "NE", "NG", "NI", "NL", "NO", "NP", "NR", "NZ", "OM", "PA", "PE", "PG", "PH", "PK", "PL", "PS", "PT", "PW", "PY", "QA", "RO", "RS", "RU", "RW", "SA", "SB", "SC", "SE", "SG", "SI", "SK", "SL", "SM", "SN", "SR", "ST", "SV", "SZ", "TD", "TG", "TH", "TL", "TN", "TO", "TR", "TT", "TV", "TW", "TZ", "UA", "UG", "US", "UY", "UZ", "VC", "VN", "VU", "WS", "XK", "ZA", "ZM", "ZW" ],
    "external_urls" : {
      "spotify" : "https://open.spotify.com/album/44tPlPNymfdxOyTjV8xCYr"
    },
    "href" : "https://api.spotify.com/v1/albums/44tPlPNymfdxOyTjV8xCYr",
    "id" : "44tPlPNymfdxOyTjV8xCYr",
    "images" : [ {
      "height" : 640,
      "url" : "https://i.scdn.co/image/ab67616d0000b27321822e4ca6dcf6f18eafbf60",
      "width" : 640
    }, {
      "height" : 300,
      "url" : "https://i.scdn.co/image/ab67616d00001e0221822e4ca6dcf6f18eafbf60",
      "width" : 300
    }, {
      "height" : 64,
      "url" : "https://i.scdn.co/image/ab67616d0000485121822e4ca6dcf6f18eafbf60",
      "width" : 64
    } ],
    "name" : "Ahimsa (KSHMR Remix)",
    "release_date" : "2019-12-13",
    "release_date_precision" : "day",
    "total_tracks" : 1,
    "type" : "album",
    "uri" : "spotify:album:44tPlPNymfdxOyTjV8xCYr"
  } ],
  "limit" : 50,
  "next" : "https://api.spotify.com/v1/artists/51Blml2LZPmy7TTiAg47vQ/albums?offset=50&limit=50&include_groups=album,single,compilation,appears_on",
  "offset" : 0,
  "previous" : null,
  "total" : 243
}